id,label
goao91ca79z3725a,171.Myrtle_Warbler
iebetayfvvgcg5fp,173.Orange_crowned_Warbler
dvn2f55cwgjkr0cx,190.Red_cockaded_Woodpecker
js5mdcxg8x7c9i0r,181.Worm_eating_Warbler
jpr2vh09di82syex,169.Magnolia_Warbler
eiqkglhd108fz2id,001.Black_footed_Albatross
dustxlr73vs8k3jp,128.Seaside_Sparrow
jv9jd0lx9u456633,193.Bewick_Wren
iutq4vlvu0y04qez,100.Brown_Pelican
krzu1sx2plqwngrd,151.Black_capped_Vireo
gspiqo2n4y9z2ago,095.Baltimore_Oriole
fsvx2lxyorx7rpgp,148.Green_tailed_Towhee
iyddsx7d41zp3o17,042.Vermilion_Flycatcher
hj6p0ejfxbz93kia,118.House_Sparrow
cge63033yik3xhxu,107.Common_Raven
gms3dzn8bzzt4bdg,007.Parakeet_Auklet
f4bso9p8715ge180,002.Laysan_Albatross
f1r9biyfmme99ys2,013.Bobolink
jedaxuk579kzajgi,063.Ivory_Gull
ie2rgarc83y3emca,009.Brewer_Blackbird
gihff590upqth5n5,152.Blue_headed_Vireo
i4kztbzurvqx6c5o,159.Black_and_white_Warbler
kx3hn34kk6mkhd2z,007.Parakeet_Auklet
d4rh1wlsucdtlsar,018.Spotted_Catbird
folqy90evkye9coj,022.Chuck_will_Widow
jaldi60pahl0cq4l,191.Red_headed_Woodpecker
fc42s8qf5fzgyahv,193.Bewick_Wren
efr4pkqlfs8h5wyx,195.Carolina_Wren
dos14iwugujs7nsj,114.Black_throated_Sparrow
ciqou0hrg2to92d7,132.White_crowned_Sparrow
fdlle7iyz5l43ytt,200.Common_Yellowthroat
hf6sxmrokwftgf4i,092.Nighthawk
gcs6vkg63febjkpj,100.Brown_Pelican
e9dog0gurpdq8nh5,152.Blue_headed_Vireo
htqb6et5gqou4q6w,046.Gadwall
d7x5xk7k2brm7p18,038.Great_Crested_Flycatcher
fv3ra51kho7lhofq,016.Painted_Bunting
iaz49abkcz0up5hl,076.Dark_eyed_Junco
h32e64fgwyhpzbrh,162.Canada_Warbler
jpjnvah1dlok7itl,124.Le_Conte_Sparrow
imsk615pz39ahka0,097.Orchard_Oriole
fsph7hup43eegzwf,083.White_breasted_Kingfisher
g304qz4nv7tqi35y,195.Carolina_Wren
gblp3ywzmll6k56k,167.Hooded_Warbler
e496fr72rzh8f1k2,081.Pied_Kingfisher
h48hhym3d0pk5t7w,104.American_Pipit
hjvittugujd106bq,010.Red_winged_Blackbird
dwdrgerxqeiuuf3q,179.Tennessee_Warbler
ilmf0vugxmg9q253,024.Red_faced_Cormorant
dw0t62jf021pall5,017.Cardinal
gjurtdqpoipcg1yc,038.Great_Crested_Flycatcher
jh2n7gkchqqpr1dk,049.Boat_tailed_Grackle
fsrnwwze24atqlpy,001.Black_footed_Albatross
gn5dhsv60kgz4ek1,075.Green_Jay
f7lkn37qtlub606l,178.Swainson_Warbler
fbiztfj89thjxrrm,175.Pine_Warbler
ej7udd8ao9zllui9,044.Frigatebird
dk7kuy76zx334rby,050.Eared_Grebe
itopgfd710lxvbas,030.Fish_Crow
cy5uvmjzmesjyc0n,194.Cactus_Wren
ckv5iyjijo9birhe,024.Red_faced_Cormorant
jc2bvx9ywjm8zo7p,006.Least_Auklet
j413ducg8sbhawe6,099.Ovenbird
kt3phd7t3rvgykuk,198.Rock_Wren
elnye623hc505161,118.House_Sparrow
jjzayfg9vqifjxka,172.Nashville_Warbler
fdbvzmpn3i9smekg,130.Tree_Sparrow
iiao39b5mog7vsr2,189.Red_bellied_Woodpecker
dv9sqsk8wsgp8spv,161.Blue_winged_Warbler
fo86h92vd6uov7t3,060.Glaucous_winged_Gull
fx001q25lfqiu31b,194.Cactus_Wren
ipyhj0xf6whqckak,148.Green_tailed_Towhee
chnaxb3sn4en1jxv,055.Evening_Grosbeak
h8p8cknmbvuq1xlr,110.Geococcyx
g790nackd79p4v32,085.Horned_Lark
f1fhde2t6sz0y4mw,194.Cactus_Wren
fe33inyfsxb78fht,175.Pine_Warbler
fon69by2ssgfov3q,026.Bronzed_Cowbird
dbha4u3bmnhvld4b,044.Frigatebird
edlp8qnrjgp9x02e,002.Laysan_Albatross
fvrzuuac35psa8t5,163.Cape_May_Warbler
k442re9ielwsbq77,017.Cardinal
f4bbufs8022ygnux,127.Savannah_Sparrow
idc3xi2wux65u4n1,022.Chuck_will_Widow
f1ao6ilsalyop25y,022.Chuck_will_Widow
kw77xm55gwclabno,189.Red_bellied_Woodpecker
hvxg8738isolrc3y,188.Pileated_Woodpecker
igeptjn7iw22h34v,003.Sooty_Albatross
iuv4g61vplb6z03g,133.White_throated_Sparrow
fxy0l9eipijkfpdz,140.Summer_Tanager
cijyr31112ohhgld,151.Black_capped_Vireo
f5qvn5s4ldnz6vbu,117.Clay_colored_Sparrow
k52f97htpsvefxo7,171.Myrtle_Warbler
gwafdfaaj7iy7ujs,172.Nashville_Warbler
iaorkz1dhz4h8ol3,002.Laysan_Albatross
jm1tmb12bh8845dq,128.Seaside_Sparrow
ko7gt2xozoybzegs,024.Red_faced_Cormorant
d3u26ttfes6nhd6h,140.Summer_Tanager
gopcbg71x0gfh45c,156.White_eyed_Vireo
dhzlx0lafu6ouq8t,100.Brown_Pelican
khg85ja5jgz63436,053.Western_Grebe
jspyudmh4bakfhzs,152.Blue_headed_Vireo
g79ogy57snpf9he2,150.Sage_Thrasher
gbyiv1zj9r3ynssu,081.Pied_Kingfisher
ewtlgu0tf33qrwqd,077.Tropical_Kingbird
h4j75q05pzgc50ve,022.Chuck_will_Widow
durhecdt5adj56ug,037.Acadian_Flycatcher
jnubiinh1ufa6w84,096.Hooded_Oriole
i7rm1vkbfeqza873,045.Northern_Fulmar
kh5d98odayjw5yks,023.Brandt_Cormorant
jadxtmww4cstjslo,186.Cedar_Waxwing
jyakqe1zyry2vczo,192.Downy_Woodpecker
ft84i30k5vbq4cp4,012.Yellow_headed_Blackbird
jlhb2nejgnogwquj,105.Whip_poor_Will
e0l2780tm950oxcs,160.Black_throated_Blue_Warbler
dzqc4ibc99vxx9z9,130.Tree_Sparrow
dr2rdmpbsmn8084g,197.Marsh_Wren
ha44pxfoub9frgf2,038.Great_Crested_Flycatcher
dpf9az26sa9q8l7u,008.Rhinoceros_Auklet
dvsh6zv3j8wit3kz,195.Carolina_Wren
dth6dc9mlk0kq1lg,195.Carolina_Wren
g0imgiq4uce6m5ro,129.Song_Sparrow
kbqvxht9q7zouz5x,008.Rhinoceros_Auklet
d8gdjebx94v8wqex,051.Horned_Grebe
k20ih17849x0yxtq,008.Rhinoceros_Auklet
el7oyufcvg6y0mdu,092.Nighthawk
d8w4fgv5um6u0tny,074.Florida_Jay
id6hegn3rlia35w3,155.Warbling_Vireo
eeifao4ubs5by7df,181.Worm_eating_Warbler
fy9pej06zk9h9h5a,069.Rufous_Hummingbird
fl4wtjce9aualhwf,132.White_crowned_Sparrow
eyyro9ca6hz5wy3r,199.Winter_Wren
fee74teefvuptmou,007.Parakeet_Auklet
fwixa59i3qa3gtpo,031.Black_billed_Cuckoo
ikz68y7jdvhsvgpm,056.Pine_Grosbeak
k0awtjigm5gz8aqt,180.Wilson_Warbler
e1p9br1tql9h550z,035.Purple_Finch
fu9wgxc2zaryybx3,189.Red_bellied_Woodpecker
e5gox90lsdv29ajn,112.Great_Grey_Shrike
etjscuqrlqh1tm73,004.Groove_billed_Ani
hyo1m8rlm6bp9say,017.Cardinal
euf5f1xftagd9pu0,037.Acadian_Flycatcher
dkj5rjjdrmk0gn4y,045.Northern_Fulmar
csi1da6nr7vrtrsx,015.Lazuli_Bunting
fyekvbiiw6je4n85,185.Bohemian_Waxwing
h78r5qee5gw7ww1x,106.Horned_Puffin
d4sdmw5llja5shma,152.Blue_headed_Vireo
gi9l6qmcunrsx0pi,193.Bewick_Wren
f0km1kmga8525f1j,066.Western_Gull
kpy679829mt397qd,074.Florida_Jay
ehb5d1k846cqby1s,002.Laysan_Albatross
ee0egagj8mfje7oe,092.Nighthawk
f0fwhmkuu7bp6don,056.Pine_Grosbeak
idqk1ut2qp2gche7,152.Blue_headed_Vireo
ihqbdthwakudfic9,194.Cactus_Wren
fzfbqm8i7sz517k7,196.House_Wren
kw6l2qeez5sn067r,197.Marsh_Wren
eima09x766moqagg,021.Eastern_Towhee
f62tnc2mvfmphp4n,145.Elegant_Tern
epb1ge94p4pwcg83,144.Common_Tern
gwe4s5j8w8c5jys8,114.Black_throated_Sparrow
ity9558dt0u17qwq,147.Least_Tern
hdn487hqhw6t3qut,084.Red_legged_Kittiwake
fvw66xpqlpf8sbka,183.Northern_Waterthrush
cjd20nkit56bdx41,141.Artic_Tern
gqm6zkas04hfkuwv,124.Le_Conte_Sparrow
je7r3ui1xymfncj9,172.Nashville_Warbler
jx8azikte2yvkyg2,197.Marsh_Wren
z8uzp6vtvgpmm6dd,028.Brown_Creeper
mbe0j6d8ww945u18,037.Acadian_Flycatcher
nb7smywdezvq01xf,001.Black_footed_Albatross
xrf76ddyvrsxyhwb,160.Black_throated_Blue_Warbler
silakyc6n2j8rnn1,007.Parakeet_Auklet
lo84xyqxdm3yeime,177.Prothonotary_Warbler
o7fcb3oogwzlm6u9,094.White_breasted_Nuthatch
noplj2yra9jrlcyh,066.Western_Gull
tnk64hvs087fhy1k,101.White_Pelican
qh1h5pdwk2ecy959,173.Orange_crowned_Warbler
sfwibr1tzdyw8x1c,142.Black_Tern
lq8samfbttamonu9,056.Pine_Grosbeak
sm7je5dz52hx548z,172.Nashville_Warbler
y83cmizascevnff8,079.Belted_Kingfisher
oymey4vhbxed97px,164.Cerulean_Warbler
rop4jmvybf6puku5,158.Bay_breasted_Warbler
ur0p4gtrooepfu5t,189.Red_bellied_Woodpecker
mnk1c0o9omfpu14p,153.Philadelphia_Vireo
utj74rtp3355u598,071.Long_tailed_Jaeger
x4k1l2pxh2wrvktt,065.Slaty_backed_Gull
va48qjjskk8x8lnz,161.Blue_winged_Warbler
ptt2pdde58xzqd9f,169.Magnolia_Warbler
xmjzopl5xs1o8c0c,145.Elegant_Tern
usmncxje60rjzlue,019.Gray_Catbird
o4v4pnaz79x6a01g,187.American_Three_toed_Woodpecker
s2qaknoie2amry1i,113.Baird_Sparrow
zks9yp57wg9f4cq4,034.Gray_crowned_Rosy_Finch
zjnwib6q857xy98o,166.Golden_winged_Warbler
v0ukabuhev5g1bvx,082.Ringed_Kingfisher
xrzzi5x5q5qy5br9,066.Western_Gull
ooadtliprh5bf3os,109.American_Redstart
vvvfxjkp6w0zliq4,112.Great_Grey_Shrike
teu8bhbwco3yki0e,058.Pigeon_Guillemot
xwufvwdab7b8i48o,054.Blue_Grosbeak
qwxcrhet2ezyjtn7,063.Ivory_Gull
mtr9wanoicc8uwe3,141.Artic_Tern
v4wh0z3mmh5jwoeg,164.Cerulean_Warbler
nbfusy78exfsfv9m,030.Fish_Crow
z3z1xm4z2egg43hr,061.Heermann_Gull
le6dyq1dywl9l7z2,172.Nashville_Warbler
vq6ak7ztmgr87gwb,135.Bank_Swallow
wq8a1wlarig17wtr,189.Red_bellied_Woodpecker
pv5lxqr1wpa48mew,059.California_Gull
x8s52lej030brtia,062.Herring_Gull
q5ds9zpsyd4soht7,053.Western_Grebe
u326fgd66leniedo,080.Green_Kingfisher
o41n8xbsrwn8wwli,110.Geococcyx
urmbzaevityey9f7,020.Yellow_breasted_Chat
tiu013iqodx2kg36,025.Pelagic_Cormorant
xbquqdplk9pkeb3k,004.Groove_billed_Ani
ut19bcg0xv5du0rn,112.Great_Grey_Shrike
no12lejdlpb4232y,028.Brown_Creeper
lz7tlpvvbbz95lcc,008.Rhinoceros_Auklet
thfjftfdm6shhpbq,022.Chuck_will_Widow
tg0vkz32m6elnyxa,087.Mallard
ymed1kny1mzzjhos,111.Loggerhead_Shrike
w0q1u59509dovskr,200.Common_Yellowthroat
lz782snlacpf93pv,025.Pelagic_Cormorant
soxk8qtrexjce71m,113.Baird_Sparrow
p4tx9m7uy9vwe39w,088.Western_Meadowlark
kzykqpy4fcvj0mxy,155.Warbling_Vireo
oqo77j6ckng8s18w,060.Glaucous_winged_Gull
r86cg60mo2w3lql2,154.Red_eyed_Vireo
wveppy6jgohy3cqb,161.Blue_winged_Warbler
rqfclpdwo2zws5l6,010.Red_winged_Blackbird
vnyy4hk8rebqvoy4,099.Ovenbird
pfrj1fgef3mwcfo8,113.Baird_Sparrow
w1x1ltwghxhq7g0k,043.Yellow_bellied_Flycatcher
n0rdr57jb8xu3hs6,182.Yellow_Warbler
qd83ou5l7bpabnhh,082.Ringed_Kingfisher
nin15wnpvysy91x0,186.Cedar_Waxwing
waidvx0rpkmhtms9,071.Long_tailed_Jaeger
ydj5at9ey4uck2be,067.Anna_Hummingbird
ydbxyx079ha3bp8b,161.Blue_winged_Warbler
rhnoq2g5uool4j5l,103.Sayornis
mzzb5zhh69jbz7ua,119.Field_Sparrow
mz6zx2l4rq0mxavt,156.White_eyed_Vireo
kydkr82z97vjvri5,158.Bay_breasted_Warbler
ulk1jgnmfvt7xk4t,194.Cactus_Wren
t4ax57c705nt6zmi,133.White_throated_Sparrow
qniocvb8lvxgtfbo,180.Wilson_Warbler
vk95yul8uvl4aw9g,132.White_crowned_Sparrow
odmf6g2cp0nzawk2,159.Black_and_white_Warbler
z5rsp6xdjxoxzkdu,046.Gadwall
upm5aeja4qadg6hq,039.Least_Flycatcher
x3474u9zk87h1x6u,124.Le_Conte_Sparrow
lybtajwrl3equmw6,016.Painted_Bunting
nma0w91wm77mkqcu,090.Red_breasted_Merganser
vl6aeqku63fixibc,159.Black_and_white_Warbler
wksdyvi3d2f8xikn,125.Lincoln_Sparrow
odqni80sxhny1opr,147.Least_Tern
w1g4zsjluszogzxn,096.Hooded_Oriole
v846r93k30p90ko1,110.Geococcyx
lbvyw1xpcwrryw20,128.Seaside_Sparrow
phv4v8z7dhwigwuj,179.Tennessee_Warbler
z03k5wgzo6c1iy6t,075.Green_Jay
vi2ov0vimwwfsp6a,113.Baird_Sparrow
mrnb6wwbn1om5xlt,187.American_Three_toed_Woodpecker
n3ji38k5h78isp7k,080.Green_Kingfisher
rs2dmkk17j87awm5,112.Great_Grey_Shrike
urg8pd000v0nzbin,133.White_throated_Sparrow
vb2jj6nwha6r8zz8,059.California_Gull
lrib483beh1ttlpy,117.Clay_colored_Sparrow
ni2mrx0qbsxa91ev,020.Yellow_breasted_Chat
xzqkfio1tka3drxw,140.Summer_Tanager
vgco591hyia3lxd1,128.Seaside_Sparrow
vwxzcf5jm8zypuu4,068.Ruby_throated_Hummingbird
zskhwg4i2pc4l289,133.White_throated_Sparrow
m4t92u2rsscz1cig,021.Eastern_Towhee
tceb0somooe4ux4b,002.Laysan_Albatross
qd0ktveovhnfuhtd,135.Bank_Swallow
vhfaxnr1rp2k2o1e,083.White_breasted_Kingfisher
zj2a435g8w5r98u3,104.American_Pipit
sgae8ak2svzk6mby,098.Scott_Oriole
s8hk3aasmmnpbe5z,142.Black_Tern
un6trv4g050ehegf,104.American_Pipit
wvtiagp3q1vfbri8,076.Dark_eyed_Junco
ltwwbbe5h5j4kxac,020.Yellow_breasted_Chat
nedkgm0tjdm8ugmd,114.Black_throated_Sparrow
mlch53at9jbfeife,146.Forsters_Tern
trja06auc9idjlk5,106.Horned_Puffin
zxucbpfpy7e7egbl,041.Scissor_tailed_Flycatcher
kyrww2m3n7qz4cu2,091.Mockingbird
zh8bsewazmhihg1d,146.Forsters_Tern
sjolib6wkuo2spal,105.Whip_poor_Will
wb5gx77avqyndlio,181.Worm_eating_Warbler
tvaa0lfwnudkjcw4,029.American_Crow
s508bdtxympph1uq,067.Anna_Hummingbird
r6ay51ncalzbd8z2,158.Bay_breasted_Warbler
z4pfex9cdevva3fv,011.Rusty_Blackbird
xy289ytub6jo2cdm,069.Rufous_Hummingbird
tp4c6zyke1mk5fro,098.Scott_Oriole
pl9oqrm6lrnd5irm,187.American_Three_toed_Woodpecker
mae2j0h7u994lsoo,193.Bewick_Wren
qkv9minp8y1c5i3v,069.Rufous_Hummingbird
tq5y7pl3f2pijayw,020.Yellow_breasted_Chat
r7pq2pglz2jqxy1b,055.Evening_Grosbeak
ynhli8hwzpp2bfz3,071.Long_tailed_Jaeger
yevknfkucodsmf73,134.Cape_Glossy_Starling
nh1q8bgihhq8gla3,025.Pelagic_Cormorant
usjq4ihwhm7ip9xh,188.Pileated_Woodpecker
ytvqmqmgl2d6cczh,019.Gray_Catbird
pjwjcdufipxwp8nv,042.Vermilion_Flycatcher
lsayev7rh92i8rqu,096.Hooded_Oriole
sdimuww7grdg8vtp,140.Summer_Tanager
zw8srolz3ato3m7a,089.Hooded_Merganser
q5b4qxz48dj0q831,063.Ivory_Gull
lndxsqcwrbb7zmqv,113.Baird_Sparrow
u82gsxlfvmryk8r4,006.Least_Auklet
lquo3h5tfao0jgi0,059.California_Gull
mce3e7r0bv0ickjd,112.Great_Grey_Shrike
srcab8wwt0gggvsl,166.Golden_winged_Warbler
o8pykqm04xo3mtcx,003.Sooty_Albatross
noyhx0y1vnn2jp09,108.White_necked_Raven
llophbr0mx9rftyy,112.Great_Grey_Shrike
nauya80klr883dps,120.Fox_Sparrow
xr72zf0kc3z5n1rr,101.White_Pelican
vraz7bpnkorq8ick,059.California_Gull
w9acnf7zvudyfm9e,130.Tree_Sparrow
pmldz9ta5qvmuq6x,095.Baltimore_Oriole
sfbp7e2sv7svktwj,041.Scissor_tailed_Flycatcher
qtfq2tlsqsyu9561,130.Tree_Sparrow
wu9fbjdl7ezxxvb3,151.Black_capped_Vireo
tbbm83dhphm4rg8v,015.Lazuli_Bunting
usqrvk7tau21l68p,180.Wilson_Warbler
zk0bjefjjj8x1qfa,058.Pigeon_Guillemot
ll1zcj8vginvuz5s,139.Scarlet_Tanager
mjipc3s772epapvh,052.Pied_billed_Grebe
qzk6lqibsom4cv1c,029.American_Crow
xsl27qany7lsyhch,183.Northern_Waterthrush
yo3uhnwg1hummrj8,137.Cliff_Swallow
mnwbv4hooeo6suuv,065.Slaty_backed_Gull
qblgqjhr7kvj3y5e,039.Least_Flycatcher
lwf87lvdc4ekluhj,130.Tree_Sparrow
v0l7hhon5v2qbws2,108.White_necked_Raven
sde6hbrb7xfymz5j,083.White_breasted_Kingfisher
vexczxpvqtno4qmb,018.Spotted_Catbird
p2rzbvpsgia6cm53,152.Blue_headed_Vireo
xoj8cvf46furyic5,061.Heermann_Gull
tdrjrkcr2xghfc9i,049.Boat_tailed_Grackle
rg58ankyrsdym77t,190.Red_cockaded_Woodpecker
z7hm6ryqbfkoy3bi,192.Downy_Woodpecker
te54laik3i5peb5e,143.Caspian_Tern
qrecbhig93pj80rn,101.White_Pelican
w94ykg9o5nynoj5x,148.Green_tailed_Towhee
p411inoo2bz0a390,041.Scissor_tailed_Flycatcher
tq6ni497qku4s5h2,016.Painted_Bunting
warqkut9iaffgsq1,148.Green_tailed_Towhee
ov4mlts340udbd4s,067.Anna_Hummingbird
oq49lkcuwe2jjxsf,113.Baird_Sparrow
umnn6f5a9wsp1gxu,119.Field_Sparrow
t2l1tre030843hax,088.Western_Meadowlark
mg3z8wqga7fgpbld,176.Prairie_Warbler
pwkxb9e4lz9p7wzq,053.Western_Grebe
voc64hatl34nkbwh,052.Pied_billed_Grebe
q9h6lph3m08tcy25,164.Cerulean_Warbler
lsj0hje7k415dn6q,085.Horned_Lark
oxkgaq2zwldx9mta,022.Chuck_will_Widow
ssv3y8xojudrbff4,136.Barn_Swallow
mcme2j7kbirszb19,002.Laysan_Albatross
wt7trvrbty85mbfu,088.Western_Meadowlark
wwiq38btt1858x6v,110.Geococcyx
skuu708g44k7hx8d,123.Henslow_Sparrow
uphrbd7nh3czse9w,083.White_breasted_Kingfisher
lyrn29eqclxhd3ff,149.Brown_Thrasher
na2ql7voz6v3z8yf,112.Great_Grey_Shrike
l5vecrdr4alcit39,185.Bohemian_Waxwing
yopvz3yugg89dvij,146.Forsters_Tern
q7s59ynxacrfc4ur,187.American_Three_toed_Woodpecker
ocur0doz5fmzjq53,081.Pied_Kingfisher
luejjsca79f8qihu,092.Nighthawk
ps2tkbqkek8r7rgn,042.Vermilion_Flycatcher
zx4vfc6vepy2ah7v,117.Clay_colored_Sparrow
lhz9lucsrdnylqfk,176.Prairie_Warbler
tw837voaggh977jn,081.Pied_Kingfisher
lo2ggsxrx72r7ngl,182.Yellow_Warbler
xwy70gdetuqv2k70,050.Eared_Grebe
n57mm82szb9k1z0y,178.Swainson_Warbler
rnyirv3v36z7oi5f,125.Lincoln_Sparrow
qezpdg0hs8ht63o8,014.Indigo_Bunting
yrr19uwfxyat2ax7,125.Lincoln_Sparrow
xtsqxalv7vhgffxi,162.Canada_Warbler
y4az8ac1r9hi1une,134.Cape_Glossy_Starling
yr8ftisqyexsh22a,151.Black_capped_Vireo
pahk1kiknb5ipmjj,184.Louisiana_Waterthrush
v6u6s5mmlhjl0d4h,003.Sooty_Albatross
z71ras63x6mq2xm5,087.Mallard
rlwqfkn7g23xnmck,156.White_eyed_Vireo
rg4v7cwit4wgpa66,194.Cactus_Wren
waqn5olzw0uk3e1q,164.Cerulean_Warbler
nugdded67y25y22u,136.Barn_Swallow
tqbreebii1tbzd4u,196.House_Wren
ontc41pi5yk819i7,109.American_Redstart
s59svi0sm0k3cxks,036.Northern_Flicker
yjp2t7dia0a807rs,040.Olive_sided_Flycatcher
unuybyv5gdpwi5ik,090.Red_breasted_Merganser
w5u7kb1pt9onfk5q,165.Chestnut_sided_Warbler
vsgl9ny8lh9p73nc,093.Clark_Nutcracker
vc0jqn2dfhg4ufv4,012.Yellow_headed_Blackbird
w4f8gagcp1byl0h5,007.Parakeet_Auklet
zmqvoifgarm5c2l8,131.Vesper_Sparrow
n9a5zc92gtt9n860,159.Black_and_white_Warbler
zpqz5et4ed72ucba,115.Brewer_Sparrow
ygrqnbji6xjno3va,097.Orchard_Oriole
t2nwtrn6mp8fxozj,026.Bronzed_Cowbird
limhbk0hym1zrbap,084.Red_legged_Kittiwake
memlr7dty5f9x15g,085.Horned_Lark
s4gywm145y4x8die,033.Yellow_billed_Cuckoo
zsqg16fbdah7lq4g,143.Caspian_Tern
yrwv9oy30xwz1068,156.White_eyed_Vireo
p9xmrf0qw371x1tx,141.Artic_Tern
v3af0hydzo4k6144,121.Grasshopper_Sparrow
whnl3hy4celq2xng,154.Red_eyed_Vireo
n8dtgvwwmvdbem9c,124.Le_Conte_Sparrow
ra135skq5u5c1rvo,031.Black_billed_Cuckoo
l0tj0hsych9i37jp,048.European_Goldfinch
mk900ksip956g0sx,016.Painted_Bunting
peb62mijm38kb70e,199.Winter_Wren
mxl8wc1l5phragqv,129.Song_Sparrow
r9sabldntgnpuj10,007.Parakeet_Auklet
nh95peidy2dqtq1z,019.Gray_Catbird
ub20kiwtaf36tax3,184.Louisiana_Waterthrush
qgwn1pzhfwn45r2i,105.Whip_poor_Will
nuqqthkl69b67gsg,016.Painted_Bunting
nzatfw9i3ev6775t,089.Hooded_Merganser
vnxjvdtrse9h50et,133.White_throated_Sparrow
wc7rzugazsa0z730,078.Gray_Kingbird
rtxiog45tlfwzefz,063.Ivory_Gull
ptd6zbowpfmvwwdg,030.Fish_Crow
qabxc65c2mmxummz,086.Pacific_Loon
ut7c1caup77u8gw6,159.Black_and_white_Warbler
r5380q42ezxs14te,157.Yellow_throated_Vireo
tmitqayvalmydif2,153.Philadelphia_Vireo
rri1t67iirswuhfl,172.Nashville_Warbler
mc291yfro1y4m9pk,134.Cape_Glossy_Starling
mv8ye800w2cgloo5,149.Brown_Thrasher
p04c2xae19z1o47s,019.Gray_Catbird
pz6t2o711r4va4tb,106.Horned_Puffin
z9l5wxnc5dbs4v3n,075.Green_Jay
lyae33tmbuu8wdxd,033.Yellow_billed_Cuckoo
yko2yn21nk8mn86q,056.Pine_Grosbeak
t2yctgme5izm1la3,030.Fish_Crow
yde983dl4u3c7vad,044.Frigatebird
tgk8hxuobevfiefo,151.Black_capped_Vireo
vrjr96681dinlrey,052.Pied_billed_Grebe
otl8duzb4kmzdlsx,188.Pileated_Woodpecker
ngp8fhdu4g0v4949,117.Clay_colored_Sparrow
lfou1eiv1jjy9tej,081.Pied_Kingfisher
ndkrn7qqdvuqn678,155.Warbling_Vireo
tezhr09i2nj462bj,157.Yellow_throated_Vireo
qdph3hjt0cywstm2,017.Cardinal
mdyad25fd0hdc6x2,147.Least_Tern
sgaeumobodbuk4uw,149.Brown_Thrasher
vlch2h27g0a8ufvg,143.Caspian_Tern
ul8n8jmmy6osll77,042.Vermilion_Flycatcher
rujgvwwx2lpe1xw3,143.Caspian_Tern
oetqlh00n1dm2y4k,091.Mockingbird
tv0x7qwqzjgkqirz,079.Belted_Kingfisher
q5hm6gcy8xfsgxfh,080.Green_Kingfisher
ovctl32ta70eem30,041.Scissor_tailed_Flycatcher
teiajjzisbhh3l09,103.Sayornis
vxbte3te2vrq4tip,121.Grasshopper_Sparrow
za8grj1o36dai7tz,190.Red_cockaded_Woodpecker
ooglrhbsvprs8156,001.Black_footed_Albatross
lstx0roj24enq5yv,168.Kentucky_Warbler
uofkinrvtenhxlnf,157.Yellow_throated_Vireo
rnjg9jasiotkx1ed,146.Forsters_Tern
vanrmzx4i03w39yd,188.Pileated_Woodpecker
pu5nidaawoo9puyf,182.Yellow_Warbler
paowysqasjycl9up,057.Rose_breasted_Grosbeak
s13s8lg3y8zf9ja5,030.Fish_Crow
x9sw3hnbsuiba42z,180.Wilson_Warbler
t279v6io2x9p32kc,082.Ringed_Kingfisher
njpu13vauro5ym3z,048.European_Goldfinch
wkukab4nadaj4xbp,049.Boat_tailed_Grackle
uf9bq4w50cgkfodz,020.Yellow_breasted_Chat
tkgwe6ozalboo66n,142.Black_Tern
o7435mpvrm1503qs,149.Brown_Thrasher
xjcfukj8aw07v04t,157.Yellow_throated_Vireo
wi5kndn31tuncwb2,127.Savannah_Sparrow
qe68li4i66ezkbo9,129.Song_Sparrow
qk1zm5mju14t3phx,085.Horned_Lark
uctd497hp31v21ar,186.Cedar_Waxwing
xg5kostmg01il3y4,161.Blue_winged_Warbler
wkc740l9g8x2gf5m,055.Evening_Grosbeak
nk8j65uefzd31shx,171.Myrtle_Warbler
n68v9h9vsmpz7axq,153.Philadelphia_Vireo
spq8b53svgptc2ou,153.Philadelphia_Vireo
n6edcnyd9ntxx8jm,166.Golden_winged_Warbler
y0kbf1tedd70mrbb,051.Horned_Grebe
u2k3w84i4gs77fzr,154.Red_eyed_Vireo
pg6e4dc6x5hm3vwj,120.Fox_Sparrow
yz26bzm9os2c9g85,067.Anna_Hummingbird
tv65ltdxav90a0x1,144.Common_Tern
znmjbiorhi9h1tup,120.Fox_Sparrow
n4betmohwoa4ie7e,118.House_Sparrow
u5e0h1vccmo9kch4,006.Least_Auklet
vkepk1tdnbjungp1,169.Magnolia_Warbler
zx51lghpgb69x2kj,014.Indigo_Bunting
y53ust4s06s0edr5,127.Savannah_Sparrow
wplxmvpwsk93xnav,100.Brown_Pelican
zu4bh4yzdqp4tw2w,059.California_Gull
l0ecf9xlu37u0at7,060.Glaucous_winged_Gull
rp3dzxf9qk8fcux1,118.House_Sparrow
psnm30vgzbzq9kfz,042.Vermilion_Flycatcher
vsjjt3h5suwyly6s,199.Winter_Wren
vppt5yqf561jh57k,112.Great_Grey_Shrike
yk5hrs196vk0ii19,133.White_throated_Sparrow
lh98rzie9bp70gpz,063.Ivory_Gull
x6z18je5ucvue5rl,117.Clay_colored_Sparrow
zqlysqi31otnmaav,047.American_Goldfinch
p5om3uqafgisdxkp,093.Clark_Nutcracker
mc5449t4u2yicxzf,074.Florida_Jay
ndm5kjsqkh0t1mi4,051.Horned_Grebe
vi8pi4qvqlnict69,041.Scissor_tailed_Flycatcher
qa4vng3jzo5hrvqd,052.Pied_billed_Grebe
l6xeda8s9x8dgk4f,018.Spotted_Catbird
xtn0ii1jd1jxza1f,013.Bobolink
m0w6idxmvv6p2po9,057.Rose_breasted_Grosbeak
xxtfhw6xifo2x0zn,030.Fish_Crow
wt9smo8wkll60hyv,150.Sage_Thrasher
w88bu48sv6g6p0hc,162.Canada_Warbler
znns8rdvsfr9nxcu,021.Eastern_Towhee
lpzdvf83ik13pucr,073.Blue_Jay
ohek9cdsqpldqfoz,030.Fish_Crow
yvvaglym71424zuh,064.Ring_billed_Gull
rd1xln5e5h59jly9,103.Sayornis
renprzb3fr1cazvg,094.White_breasted_Nuthatch
pzlbepvsgsbivcyo,129.Song_Sparrow
vq1kov9ved3qi74j,037.Acadian_Flycatcher
z0vpekkc1fmdeqpu,124.Le_Conte_Sparrow
rcosv924at8vlhf5,100.Brown_Pelican
l4oijnmrw2b9w2ok,174.Palm_Warbler
xflzsvfhxywu7f1z,035.Purple_Finch
uj7cl57ibk9blh0w,046.Gadwall
yb6m04iyj2dztltm,120.Fox_Sparrow
ybfgi45uvglihgsy,155.Warbling_Vireo
to5wfj6wgzst6ijg,179.Tennessee_Warbler
udgcojqkho9qokfz,182.Yellow_Warbler
ta3779yiicroizm4,023.Brandt_Cormorant
l3oxbbpjla6fzgh8,109.American_Redstart
yre0il8lnhj5er9y,130.Tree_Sparrow
lljcx9j1616qbj5z,184.Louisiana_Waterthrush
rjl95ou401b97iza,111.Loggerhead_Shrike
ndlnsk6vsj5bh1xb,014.Indigo_Bunting
out6dh3ajdrrav3m,031.Black_billed_Cuckoo
l2jecxofsekg4lf5,119.Field_Sparrow
stebnfx449ap7ja0,106.Horned_Puffin
u13wtaaxcxd0x26b,197.Marsh_Wren
zjucvmmdgq78bovp,138.Tree_Swallow
lucq2p4rf6t783z1,148.Green_tailed_Towhee
z3rv6x958kemvzhj,134.Cape_Glossy_Starling
wnwst6gzwm6mm1fx,039.Least_Flycatcher
xnfa6t1tymmkzmvn,067.Anna_Hummingbird
na7qzv30dyf3xxqq,135.Bank_Swallow
wb3tun376xc2s792,182.Yellow_Warbler
r764dqe3td8r1oc8,173.Orange_crowned_Warbler
y4ayr4u1batt2v6c,035.Purple_Finch
mkcfk7waektpbe0g,061.Heermann_Gull
yqvxfne1tays9888,046.Gadwall
ryt5u3c6qosupfaf,147.Least_Tern
rq5fu5i6oep5er5k,044.Frigatebird
thnfeamkltz86vvs,106.Horned_Puffin
q0guwuaccd9zsyv7,132.White_crowned_Sparrow
tr92zxin7873twew,015.Lazuli_Bunting
ovyjcaejy0bh4a7t,121.Grasshopper_Sparrow
wqnrazaenhu8jzu2,097.Orchard_Oriole
pyfbbrt5698lphpl,091.Mockingbird
yb8hlcl0gngzo7hb,134.Cape_Glossy_Starling
ub67hi3694y3l3ux,073.Blue_Jay
qo7wmwoqvwmo5tca,146.Forsters_Tern
yak5y32ysdqcs85w,075.Green_Jay
lxcvxs4zwxo77iqu,005.Crested_Auklet
w7x7a81s0xqzpeum,072.Pomarine_Jaeger
rhjhjfvx7i71urev,157.Yellow_throated_Vireo
rtzzfet44q6kbnwv,159.Black_and_white_Warbler
pmk04xzvzr2vbg2m,150.Sage_Thrasher
svlblcacfomppqr5,095.Baltimore_Oriole
wca8gpyf19docjyp,045.Northern_Fulmar
p6wbqld7bmjylb8u,082.Ringed_Kingfisher
woj6hvbzylk9u31v,185.Bohemian_Waxwing
wulac075nz52y2xz,092.Nighthawk
t6plazanj43ruqvs,049.Boat_tailed_Grackle
yy520lf8ycgtprbe,143.Caspian_Tern
olgrgqjm78o2jirv,117.Clay_colored_Sparrow
nt26tpmwnewp4xcz,200.Common_Yellowthroat
m4055ggvs5c3yf5h,029.American_Crow
oumj84sk8n3bp573,148.Green_tailed_Towhee
nzup1olbys016lxn,099.Ovenbird
puvyo23yjo9o3ncf,200.Common_Yellowthroat
xym4uoq9pthfn7hk,113.Baird_Sparrow
ltwvsol91hcmv7m8,131.Vesper_Sparrow
ne7rr7u18neuuquk,037.Acadian_Flycatcher
lds0nocaiaze50tx,070.Green_Violetear
qfsszmxpzuloqqy6,082.Ringed_Kingfisher
mxq2i70bkeu7unpn,173.Orange_crowned_Warbler
txw4iv4o8fig2xkx,011.Rusty_Blackbird
u64vzyal6mmrx67a,069.Rufous_Hummingbird
wiamo5c6aq7n1dbg,101.White_Pelican
o7uy20g2iwdf6s4l,062.Herring_Gull
v42ajkus063p4uw3,198.Rock_Wren
pkde761ofooyspkp,159.Black_and_white_Warbler
kzg2epvrz0ca95ef,098.Scott_Oriole
y2ly4l63frfo7mla,116.Chipping_Sparrow
tgth5iy9bv1c2ebj,047.American_Goldfinch
pw93deg7on40dl57,118.House_Sparrow
wynoh1ft71rq2wuw,196.House_Wren
l426jls7wzb7e7hu,125.Lincoln_Sparrow
ye9gwqzxrpab2ht0,153.Philadelphia_Vireo
qz419qb67jvfym10,006.Least_Auklet
x5cssz1tqlso5yq5,079.Belted_Kingfisher
tb6868gbj1s8gt89,042.Vermilion_Flycatcher
l7jmujxxvvav9ow2,059.California_Gull
ngqc92rk1hicd92c,085.Horned_Lark
r7ekazz4w6tgv5hc,083.White_breasted_Kingfisher
l93b2bmjj4qlejci,030.Fish_Crow
zar7kvion8u5iijw,197.Marsh_Wren
rzw1r13vnzq5vus2,086.Pacific_Loon
q2f2yxsg1icfnjt1,111.Loggerhead_Shrike
pgk1wmuc0iy14nx9,198.Rock_Wren
x9k2wlo98cr2n8vn,195.Carolina_Wren
xzov1mbxd2djyzge,149.Brown_Thrasher
qwvnto10gk1aohso,072.Pomarine_Jaeger
mz80gs5wqmztjnh9,023.Brandt_Cormorant
o0m74in3nr2t1e7z,096.Hooded_Oriole
o6317peh59kgacsc,182.Yellow_Warbler
xqvcc38cbdvi26pf,100.Brown_Pelican
q32idjmdw06tikg4,191.Red_headed_Woodpecker
srix12vb2fxln7j0,077.Tropical_Kingbird
spde30v396c57o0o,186.Cedar_Waxwing
z8w2o0n4129u6s6z,040.Olive_sided_Flycatcher
rmysdr143alkwthl,041.Scissor_tailed_Flycatcher
sh5tvuep68tzp3d4,174.Palm_Warbler
qghe7xvk3h7gci81,163.Cape_May_Warbler
mz4xmjx0tp44wbsh,180.Wilson_Warbler
miboi3n9wdysae1g,075.Green_Jay
xepknlna74e8bnyk,200.Common_Yellowthroat
p0zcllmtz7hx0w0s,188.Pileated_Woodpecker
n4robtea426py7a4,078.Gray_Kingbird
udquya13ff1pbjso,005.Crested_Auklet
s3vm4srvjjldhv0t,075.Green_Jay
m8ehyjo9ccaeqrne,078.Gray_Kingbird
ss1u6p3l2iaj6s8e,020.Yellow_breasted_Chat
lkaokjr76w4u0x1w,098.Scott_Oriole
zy97ewyvt1qjsd66,175.Pine_Warbler
uyojn5tyzd3w0k6s,107.Common_Raven
z0opv27gt0laeqsr,079.Belted_Kingfisher
p2dss7l2xv8ygbs6,181.Worm_eating_Warbler
pehu38o7uvkpxz5d,186.Cedar_Waxwing
zumuvxu3tcbwpu56,114.Black_throated_Sparrow
pbobxodu7z82w9pd,153.Philadelphia_Vireo
zy44rh8ee6s0rlxp,018.Spotted_Catbird
tc54rgmv7b3oeppg,164.Cerulean_Warbler
vjnszcqtf4yvgzdw,198.Rock_Wren
ujaexe96343heckg,118.House_Sparrow
x00hd0ypwq5pb2dp,158.Bay_breasted_Warbler
w6qj6hfms2l906uq,086.Pacific_Loon
pr1nkkuttk4p9zlx,045.Northern_Fulmar
zgwna8t4stuqafdl,002.Laysan_Albatross
ykdicc6dkg5bah0x,003.Sooty_Albatross
p7ek5s8yamuxt411,185.Bohemian_Waxwing
vznba5fese5qba7u,039.Least_Flycatcher
yabhrmj15fmd3flt,032.Mangrove_Cuckoo
vtvxga2bkjmvlx3o,017.Cardinal
tsgtwdb515fpo9t5,187.American_Three_toed_Woodpecker
po8w8dgw7oddwh5a,082.Ringed_Kingfisher
oa4t9js3hk8b8akb,081.Pied_Kingfisher
x77ok48ozltr8n4y,131.Vesper_Sparrow
nv4gbk5ehshm5scy,140.Summer_Tanager
pu7x4rfg8jwp7nzo,128.Seaside_Sparrow
owicc315q5yroc1n,026.Bronzed_Cowbird
qer33m6udf18goy9,193.Bewick_Wren
sqa15mq6znfkqjrd,148.Green_tailed_Towhee
x9chaq25s0ge30re,116.Chipping_Sparrow
vh7gnvotk3woxaqa,008.Rhinoceros_Auklet
ptgkmq100rwf4qn0,166.Golden_winged_Warbler
tqqylm8j6okkeybd,131.Vesper_Sparrow
pa2t7mke0jumgq89,046.Gadwall
zrbanefdmpunufgi,026.Bronzed_Cowbird
odoodoclx40uxoky,123.Henslow_Sparrow
ngypbiaw691ofkzh,147.Least_Tern
qdgjp8lt2ag5k67v,018.Spotted_Catbird
nx3o5u5ean0w7ck1,086.Pacific_Loon
pedlzgmnw2jrf602,173.Orange_crowned_Warbler
lhpun5nhpp2enu8f,088.Western_Meadowlark
xyct2t4szird411f,145.Elegant_Tern
ypdlcebwlyegekhy,154.Red_eyed_Vireo
z6rt7s2l88cl0nk9,092.Nighthawk
o4uft9hwk0dzivh9,065.Slaty_backed_Gull
sjnzn9gelewrgyn3,137.Cliff_Swallow
qjeqybk5pokhhwg9,079.Belted_Kingfisher
pqxn757mtdh5vcbd,078.Gray_Kingbird
rls8p6u3v761bfi2,053.Western_Grebe
zblsao4cvnedowsj,032.Mangrove_Cuckoo
zpzyuypclompo2hi,084.Red_legged_Kittiwake
t67xqeh9fyzuek5j,136.Barn_Swallow
tfyfox0o8s5blex6,095.Baltimore_Oriole
w8gqwkfjv2rs4v1g,157.Yellow_throated_Vireo
z7i3f23ey5w22n2w,141.Artic_Tern
vdszde8rt2gx9xn5,107.Common_Raven
xezwe9cifwxc1he1,126.Nelson_Sharp_tailed_Sparrow
r1jjldw6hmk6nhbo,142.Black_Tern
kyof3h775thptud3,129.Song_Sparrow
q8rr5z0v5g3rtw12,069.Rufous_Hummingbird
l7j4qo7vhi6mfyht,140.Summer_Tanager
ppwozugtzpsshyez,103.Sayornis
mcbu9kdk9m13njkc,116.Chipping_Sparrow
qip1qa9l17jbwzrg,073.Blue_Jay
p4d8bsjm9revm0ry,119.Field_Sparrow
us13g8f6xujuzw09,013.Bobolink
lwe73ab42wi9cqdh,129.Song_Sparrow
x5l4wypxm9y07g68,126.Nelson_Sharp_tailed_Sparrow
pkiz46si9yx2w7ak,095.Baltimore_Oriole
szdkat3lv8730npk,035.Purple_Finch
vb290j207c9cbcrs,110.Geococcyx
mp3ijd7yxvf2phs6,089.Hooded_Merganser
ky0p1jdq36n5thll,119.Field_Sparrow
qz65elbh7yy0f64d,174.Palm_Warbler
olvoiyo2xpz31re4,162.Canada_Warbler
wtpy7fexuggb9d7n,055.Evening_Grosbeak
w51yhcemha5s5j25,113.Baird_Sparrow
n8ce7l62qqauy1dx,115.Brewer_Sparrow
nzovf0insum1bdm9,024.Red_faced_Cormorant
rqzt896vh2v491hl,050.Eared_Grebe
oj2wppah2ynax3pr,171.Myrtle_Warbler
pwj7d54py7bb5k7c,042.Vermilion_Flycatcher
n059hh1jvvqijx34,102.Western_Wood_Pewee
x5p4a4qawtghkr8l,091.Mockingbird
wl9qtpzx344wp5nw,162.Canada_Warbler
wu34p0mmt18zcp58,019.Gray_Catbird
tx7ou506xwbdg2jd,149.Brown_Thrasher
rdyqz64i8fvt0dgh,187.American_Three_toed_Woodpecker
t4m96941w9e453ul,023.Brandt_Cormorant
yfgdxxqindmfrc5h,119.Field_Sparrow
llhngevf460oqqc5,143.Caspian_Tern
zbk193lcuy0fgy6o,150.Sage_Thrasher
wgi1dmejws1j4zm9,147.Least_Tern
xdke8fwjngflu2wb,050.Eared_Grebe
ovotuwfsmpqrt91s,079.Belted_Kingfisher
lv4z3vy57m3x90na,167.Hooded_Warbler
uahmgmoql1gqd9f4,038.Great_Crested_Flycatcher
mlt8wq1iwlkz79fm,174.Palm_Warbler
w8fj626susbvdefx,040.Olive_sided_Flycatcher
zvpyay7u7bgsaxnj,150.Sage_Thrasher
xpk6wdm74qd5glcs,127.Savannah_Sparrow
zuduqfr384p7wl6l,153.Philadelphia_Vireo
tjssu0bwjytr001k,131.Vesper_Sparrow
mu0uwmbg3w4ma1gj,135.Bank_Swallow
xq1nuossseufn1mq,127.Savannah_Sparrow
mfem06pqmn514oo3,029.American_Crow
z7j1r4gdya1oec6n,162.Canada_Warbler
ve28mjmo9zewm2bz,102.Western_Wood_Pewee
yjucssryohlh4481,123.Henslow_Sparrow
wutrlj35o8nd8lqr,138.Tree_Swallow
rgfz3wwge2pqqacn,091.Mockingbird
nlo88dteszms1d4e,147.Least_Tern
tu8uggo4v27chgxo,113.Baird_Sparrow
xwr8px1srf8muohm,029.American_Crow
sc0i60uk5dj1aiac,200.Common_Yellowthroat
n6ps7i43t7qcicxb,104.American_Pipit
z8m7w6qvyrd6wl1d,117.Clay_colored_Sparrow
lqmipuf1p1lriivl,058.Pigeon_Guillemot
qelmnvy8w4nlzrsa,175.Pine_Warbler
l21meeuam1qsly8r,152.Blue_headed_Vireo
xvb0s8o6as9tg2q5,010.Red_winged_Blackbird
sbcqkosj0hmwxao9,090.Red_breasted_Merganser
p57q3t32xmzidzlw,165.Chestnut_sided_Warbler
tuwrxm4gen5i5r9i,049.Boat_tailed_Grackle
x7dpm9d95paty4tx,168.Kentucky_Warbler
pzs4wlpw4qz5ygn3,044.Frigatebird
x16okh89hc3vmupu,029.American_Crow
spgb0tzwj7fdqn86,179.Tennessee_Warbler
nsetmoysw9fcu1un,127.Savannah_Sparrow
vabbauj117c1ib8w,183.Northern_Waterthrush
q39qaa8gjmo4lpeg,174.Palm_Warbler
ra6tw9z8hnp39q6d,051.Horned_Grebe
p7qg1mzwihw9eg2v,097.Orchard_Oriole
mtto3ocegyx97f2n,025.Pelagic_Cormorant
ysnxcsgmaybxniye,119.Field_Sparrow
xtcrsuyoovlqn2e8,122.Harris_Sparrow
oweyyacpozd7p6x3,123.Henslow_Sparrow
zqi1kz2mdzrgx4mf,126.Nelson_Sharp_tailed_Sparrow
zjz9q5sf09qtfajr,033.Yellow_billed_Cuckoo
l1k03gsbpudbr54d,021.Eastern_Towhee
osr24wgseh82f9pb,125.Lincoln_Sparrow
u427sgjdgkiqx57h,172.Nashville_Warbler
s3isphjj7kf21etr,169.Magnolia_Warbler
rnxe0l2yhwt2ymwh,188.Pileated_Woodpecker
z8nz860vxwjg18cj,114.Black_throated_Sparrow
w4u2qkjg480hkfkk,008.Rhinoceros_Auklet
mmit6hvro7wqm1id,064.Ring_billed_Gull
pp21tyzvuutqahms,156.White_eyed_Vireo
srqpglxu1gk1ldkm,078.Gray_Kingbird
zov8k1hxk29vh1eq,077.Tropical_Kingbird
ua0yj4yauuktrkwu,106.Horned_Puffin
supits08c3p6rpgm,136.Barn_Swallow
lc31oldpdjxctmvp,145.Elegant_Tern
yrvd3gljznppo6ga,033.Yellow_billed_Cuckoo
v76owm63p6iw8sxx,027.Shiny_Cowbird
ossfv812rip59njj,054.Blue_Grosbeak
vbegy8f8bhz6hf9d,009.Brewer_Blackbird
xq3k6sjcf4juw6df,047.American_Goldfinch
y2xqh188zcm9uumk,089.Hooded_Merganser
n1b1jwx13jdxi6zj,146.Forsters_Tern
lnncp2gm9lik69m3,185.Bohemian_Waxwing
v4phbhneht7c4hob,138.Tree_Swallow
wsmmfw4vr2mks9k6,032.Mangrove_Cuckoo
szs9usofk5tinsdx,054.Blue_Grosbeak
sf2ijownhis6u14l,103.Sayornis
sru1ncpxndmsarqd,087.Mallard
xthhpoeevmhvlg2a,072.Pomarine_Jaeger
un8zhwj362uqli2i,188.Pileated_Woodpecker
nregcj6dql9lztx1,017.Cardinal
q8pi56fx9614i4ac,192.Downy_Woodpecker
wma96zg9t7ctbpaw,115.Brewer_Sparrow
v4xqcc54tg3buiux,081.Pied_Kingfisher
tc68qgy2rxvzytan,199.Winter_Wren
qc9juny1lwc41jea,027.Shiny_Cowbird
ypwok1qwu7699bed,029.American_Crow
x0y588h6copxna0x,084.Red_legged_Kittiwake
ou18qk8anpgn13u5,079.Belted_Kingfisher
tyg70cx4a7tta6rs,103.Sayornis
negza215w6rlt44i,001.Black_footed_Albatross
pxjnldf05ee1x9br,072.Pomarine_Jaeger
nto8xgq2k6vcg5tl,149.Brown_Thrasher
vcuu6h19m8nq3sa4,174.Palm_Warbler
s1xh143kqdn0d6kv,006.Least_Auklet
uzdfpwn0qxzq8mrt,194.Cactus_Wren
qiaztf6u69i4tws6,063.Ivory_Gull
nhqchy6ngtniwrnc,084.Red_legged_Kittiwake
wre40ihsrsdvz4b5,039.Least_Flycatcher
w31r0t0204hurnvu,150.Sage_Thrasher
sigk2bslckyljx01,122.Harris_Sparrow
yqeh4x44lox783hq,056.Pine_Grosbeak
v623q5ncbfyat038,027.Shiny_Cowbird
nim37an27rmuttv1,028.Brown_Creeper
s5l8xvmmw5vsd2sp,155.Warbling_Vireo
t133rwtdfjc5tlh9,147.Least_Tern
lsjvwsutl379gs11,179.Tennessee_Warbler
mbim68hk7zfwc7zg,057.Rose_breasted_Grosbeak
m4c8h85y834ny9p1,018.Spotted_Catbird
w6klkl5m2e4aunmr,046.Gadwall
m77v1q461vj0rw92,110.Geococcyx
w0an055n9j5i3v7s,100.Brown_Pelican
wbwn8oegggxshaib,030.Fish_Crow
q3gydzkz0do4jct7,014.Indigo_Bunting
tsnha8ljmqdah9cx,013.Bobolink
vppn1mbaemiyv5sx,044.Frigatebird
r6rey45iqznmhlv4,088.Western_Meadowlark
l423fna8zu54oe9o,072.Pomarine_Jaeger
z8j0woeffgckig74,161.Blue_winged_Warbler
o4wdrt1o552mjm7c,140.Summer_Tanager
w5f3ttxxdgtkqe2n,124.Le_Conte_Sparrow
mwha61ybvfs1ycy7,195.Carolina_Wren
mcju0x29xhfwntyu,036.Northern_Flicker
lnxm5qzpvpqw8te1,010.Red_winged_Blackbird
uh4rvtohq4pu9zgo,088.Western_Meadowlark
liyauxk0vouhua0q,036.Northern_Flicker
liccjxr9wm2v4uid,120.Fox_Sparrow
v94rczmju89ntqcw,097.Orchard_Oriole
u233360pbc9k0r1x,007.Parakeet_Auklet
pgvodj9be1fx5g8p,037.Acadian_Flycatcher
svh3c9ppginshmxd,171.Myrtle_Warbler
ugbmfd1gtnqezgvq,137.Cliff_Swallow
s7z25humjoattpf9,102.Western_Wood_Pewee
kzbt4sd6mu40xnyj,098.Scott_Oriole
pn8wt20abbnmvsec,158.Bay_breasted_Warbler
rn7ico2uspf7uyi6,050.Eared_Grebe
otmpikcxy4bkg2hq,045.Northern_Fulmar
mma4rfr2mm68xn8z,152.Blue_headed_Vireo
sdes3fi25aljchfy,042.Vermilion_Flycatcher
sebtus5figr6t3ur,152.Blue_headed_Vireo
omgq5i4bqpb6m236,051.Horned_Grebe
r5gmbf42uxtkmxoe,176.Prairie_Warbler
vnqkcpgme84rs5ts,030.Fish_Crow
s0jjbtfemukxq6lp,110.Geococcyx
zpdxm1rv233gva03,173.Orange_crowned_Warbler
o1qfvzf4e6nevyfy,097.Orchard_Oriole
u9m1h49fc3tlznog,053.Western_Grebe
tloi2iq0vge9cnre,002.Laysan_Albatross
w7p66ub1fdjs7d07,034.Gray_crowned_Rosy_Finch
v3jg5ch64twv5yvj,108.White_necked_Raven
tbn098ybbyxs2it2,186.Cedar_Waxwing
remq2so7amjme3ai,004.Groove_billed_Ani
xj3fnp24pbcippvt,073.Blue_Jay
q3c6f76mlp5utcuo,078.Gray_Kingbird
n71rxd0hk7hbiclu,172.Nashville_Warbler
ur7a6ttddn9spip4,028.Brown_Creeper
z2l66e8vt8h6fh3a,178.Swainson_Warbler
t38s6ija1c5jco0o,110.Geococcyx
nasdhjg1s5izvt6w,177.Prothonotary_Warbler
nkh294w4anp40tlc,171.Myrtle_Warbler
rm7dtgb86jqbv2f5,012.Yellow_headed_Blackbird
uaw63lzkcxxsgvdj,047.American_Goldfinch
mvvz5iw5yjuu76n5,181.Worm_eating_Warbler
rela40mpipsho644,071.Long_tailed_Jaeger
m9dairam7h5ezl18,110.Geococcyx
uklpmc9ohj64ylqf,161.Blue_winged_Warbler
y1qp1fpyi86jme72,150.Sage_Thrasher
pqdmre4e0mpbmjj4,160.Black_throated_Blue_Warbler
pomdicc2zy0zm9ha,077.Tropical_Kingbird
qgmhy84czc2re3ki,158.Bay_breasted_Warbler
ylpv9cdckr2zy3ji,189.Red_bellied_Woodpecker
rxcmimh1gv5t5hln,177.Prothonotary_Warbler
s7t4h3wqygmc027g,057.Rose_breasted_Grosbeak
rqr39k8r287bkgp0,078.Gray_Kingbird
ym278nmgjsy0xb1s,045.Northern_Fulmar
xjmky8t7ljjmsjox,079.Belted_Kingfisher
sirknfzti8u5lge7,022.Chuck_will_Widow
smjrh3sne00j53j1,024.Red_faced_Cormorant
x924n988swsejkfo,161.Blue_winged_Warbler
w16dtf400494tnyv,026.Bronzed_Cowbird
rhk2awpnyzv3xk0h,189.Red_bellied_Woodpecker
pjdl4h9ijxr6fs6n,170.Mourning_Warbler
ll9coeh3tnygtqgg,133.White_throated_Sparrow
uoin43b0dwyaour8,069.Rufous_Hummingbird
wi889p3v4926408e,049.Boat_tailed_Grackle
tx5425sa80ml0fxr,102.Western_Wood_Pewee
z0w2z36sqpzp7xfw,076.Dark_eyed_Junco
l0sbggvt6evwtpqa,057.Rose_breasted_Grosbeak
ouqczxwu4cs91at3,124.Le_Conte_Sparrow
n3m5vd034w42zo76,184.Louisiana_Waterthrush
o4yzt60t35tvywne,136.Barn_Swallow
m2sowa2cws19qtbb,120.Fox_Sparrow
u9hsaz3di5zqc141,031.Black_billed_Cuckoo
skubnadkctprcgey,072.Pomarine_Jaeger
rjkssfmoy5c5dcfk,002.Laysan_Albatross
svcmcmfw2wzf54fk,058.Pigeon_Guillemot
szf98oe8a72ebkzj,036.Northern_Flicker
xg5o6cn5kel3gw7i,081.Pied_Kingfisher
yd5wg197uyv8n82s,144.Common_Tern
zvyx131kfjogfn62,095.Baltimore_Oriole
m3tgm10owu6k5u0i,141.Artic_Tern
za4mkkpudp7ku95z,093.Clark_Nutcracker
qbahez5yeb3qfmpc,146.Forsters_Tern
qustz18b1zr0hh4i,150.Sage_Thrasher
znb15vml6l759lh2,068.Ruby_throated_Hummingbird
sxlg3ki21kypi8xs,065.Slaty_backed_Gull
ndqf4dmdqafkval7,033.Yellow_billed_Cuckoo
lwjh8niboz515zqt,073.Blue_Jay
p2ujxbjrg11n4e6k,167.Hooded_Warbler
vhsbciqenpbxh3k0,037.Acadian_Flycatcher
l2wrtifvzbn3l0h3,089.Hooded_Merganser
o8baycek2nlp3tvl,136.Barn_Swallow
y4gno8wojgdies0k,186.Cedar_Waxwing
m85k277xik2z7aqj,141.Artic_Tern
rq3wlrjlz8kuhnxi,191.Red_headed_Woodpecker
uyfl99jp9gntkvde,119.Field_Sparrow
z3newq8qplvk1cl5,022.Chuck_will_Widow
u3e79vs3tgswx5pk,049.Boat_tailed_Grackle
q63e4kenzeusi6oe,169.Magnolia_Warbler
np5f1zra5n4fitc2,195.Carolina_Wren
o5qcmuffn4yfpez7,065.Slaty_backed_Gull
ykgz049ywzal77l0,144.Common_Tern
v1kso6xtgejetlcq,003.Sooty_Albatross
ne871npbq2mg23za,179.Tennessee_Warbler
mfxsjta7c4y0fg4v,092.Nighthawk
ssod7yb60trp8kqn,156.White_eyed_Vireo
ttal2611splvv4cc,072.Pomarine_Jaeger
xvuj4rfucrtnuoth,036.Northern_Flicker
swu7nrfq6g2kycdy,100.Brown_Pelican
tdv16e557t3yvo36,077.Tropical_Kingbird
tkrxrztti5cat3i9,031.Black_billed_Cuckoo
yecs4m7uhxp8r5c5,117.Clay_colored_Sparrow
xpsyeunwlrz2u93o,102.Western_Wood_Pewee
u9pbmh2hdb34bjqz,154.Red_eyed_Vireo
sk5u6bx8pjopnkoz,068.Ruby_throated_Hummingbird
o79ee0a7p1tyz7uh,188.Pileated_Woodpecker
oiz7ph70b5px44yy,057.Rose_breasted_Grosbeak
x8rk9argsby66grd,139.Scarlet_Tanager
w5qozfo5x96uoptu,040.Olive_sided_Flycatcher
ypmwe78ypp8yp6go,155.Warbling_Vireo
q8z3pobn6t55urhp,058.Pigeon_Guillemot
x6pxp3deh8x9kmz9,069.Rufous_Hummingbird
xq4b9tg093xenpi7,073.Blue_Jay
nwpl580dg91zmvko,074.Florida_Jay
zf9gqt661p2lri1j,179.Tennessee_Warbler
pkn9xauqbb8vl2zr,151.Black_capped_Vireo
w689vlw7nttlmv7i,021.Eastern_Towhee
pu5mlgjup6elrqmi,097.Orchard_Oriole
rkb65l1cngqsjyi5,197.Marsh_Wren
sype1jbw4bm5w42w,115.Brewer_Sparrow
ovlo48ytssizs6zc,007.Parakeet_Auklet
tytye1ro8icrwt58,122.Harris_Sparrow
l3m0zxl4yhc7rees,048.European_Goldfinch
llaswtn1eq599vhg,197.Marsh_Wren
za3zjj1n7yyoq551,174.Palm_Warbler
xz6kn6qvsz6w3yam,015.Lazuli_Bunting
oj2gx9zsft2ks6ql,116.Chipping_Sparrow
qkw1mnzz7dwj2pc3,136.Barn_Swallow
stx67aysun6lyq6k,024.Red_faced_Cormorant
zydmf1g651ft4kao,163.Cape_May_Warbler
1r4a8ds0qntlwm6u,048.European_Goldfinch
30kwougdwfrgh19n,140.Summer_Tanager
20bkkzh7867iixqn,065.Slaty_backed_Gull
1rvaxj1xzm5292va,067.Anna_Hummingbird
5z7laoct0dxj3wow,158.Bay_breasted_Warbler
1urbpaq8esiqww37,047.American_Goldfinch
9nxboo5o654nvg1c,162.Canada_Warbler
619rbii6hdyb123i,048.European_Goldfinch
0osnvwoap71kuu33,173.Orange_crowned_Warbler
8ng8tmzkjzcpa4lg,037.Acadian_Flycatcher
58k4zvg0pfzdzczw,181.Worm_eating_Warbler
49d2c11lmcq18xq9,052.Pied_billed_Grebe
39d1yr8rth4qmv8k,146.Forsters_Tern
2d7f9g04y1wbvcap,129.Song_Sparrow
7dl0n3l6u0cbsiuf,194.Cactus_Wren
6p51p85dqf5nlsar,090.Red_breasted_Merganser
2gym1arex4i6yas7,034.Gray_crowned_Rosy_Finch
79ak2896ljss5ok3,167.Hooded_Warbler
9zucgxoo0q0vpczc,101.White_Pelican
158u67wxuuxxhgq3,167.Hooded_Warbler
4u5zfqa082emc2ek,028.Brown_Creeper
70cp4hrwyhpmeq8w,195.Carolina_Wren
9pzkmg5oa2k3axhw,189.Red_bellied_Woodpecker
4jmmkc44z95jdym5,166.Golden_winged_Warbler
5ank0ael886qzgvz,122.Harris_Sparrow
4m5svwknajnxfvfv,009.Brewer_Blackbird
b7zu5cgl6xzozo26,011.Rusty_Blackbird
22me5swet55iv0k9,019.Gray_Catbird
2mld14cwrrxnicxp,040.Olive_sided_Flycatcher
6gjfaoa6nr83ny2c,069.Rufous_Hummingbird
6hcbj26oavu69l3j,042.Vermilion_Flycatcher
4w4zvpmhhuc95fnm,060.Glaucous_winged_Gull
7gbbly5koulpgg1a,049.Boat_tailed_Grackle
b07omjbg8t3c4k89,086.Pacific_Loon
aymkik83rzdnn3on,046.Gadwall
agx7bc04gbgrppv0,057.Rose_breasted_Grosbeak
3ulfpfh6hlkfy2sp,155.Warbling_Vireo
9qkshq8uug0u3ox9,094.White_breasted_Nuthatch
8q5ffd3qoyzk7dxa,010.Red_winged_Blackbird
66clyeyl8f7i2olm,146.Forsters_Tern
5ealpbo82djmmu96,136.Barn_Swallow
bq1yev3ce4nomr7f,177.Prothonotary_Warbler
c33wbu28nw1r0915,178.Swainson_Warbler
afh3ojzp8yxzez2s,192.Downy_Woodpecker
9nt60k75i6dvy0w1,155.Warbling_Vireo
1lo8n6n39qsyavs7,190.Red_cockaded_Woodpecker
ceco5njc09vhzhtr,049.Boat_tailed_Grackle
8vpnctl3jk6zf8ky,018.Spotted_Catbird
8dhx5iaczhaoe4wm,086.Pacific_Loon
5ldum0nbzm8nphev,184.Louisiana_Waterthrush
3aaka3ln5bqsrs6o,192.Downy_Woodpecker
8qyae896dpfuwbgg,072.Pomarine_Jaeger
c3hy629p99245ezl,008.Rhinoceros_Auklet
2myu55oodwch2a8k,149.Brown_Thrasher
4bc66404dylwxh8h,175.Pine_Warbler
4qhyvbd8b22p50os,059.California_Gull
2aajfby182gtky7c,134.Cape_Glossy_Starling
bo91qjfq97yfli5l,188.Pileated_Woodpecker
0zvhkq0pcx767nso,193.Bewick_Wren
7z38hwj5r2jyv1bb,168.Kentucky_Warbler
4dy78g5wcbjvowje,180.Wilson_Warbler
7yzi1a6ny0zfwsba,048.European_Goldfinch
br37mgdhxtw33jfg,163.Cape_May_Warbler
1zx72vv9xncint2x,174.Palm_Warbler
91wkpngf438j7vja,100.Brown_Pelican
89sv4bjw9i7u10c1,144.Common_Tern
64c37ptzcbpfp13m,010.Red_winged_Blackbird
9hajpaerm03je6w4,194.Cactus_Wren
3qazd8ggfexi4cq1,061.Heermann_Gull
1bsz6dt0u7y74g05,138.Tree_Swallow
8ztwmffdccak16u2,011.Rusty_Blackbird
bs1kacf0bou7lr5p,084.Red_legged_Kittiwake
75mhkvh171x9g5td,021.Eastern_Towhee
3jzkskpswdc0h7s9,022.Chuck_will_Widow
bp8875magdwiln6o,135.Bank_Swallow
8jdmattmz4t6hce9,164.Cerulean_Warbler
1brbn6f8t8qxt1ct,139.Scarlet_Tanager
24cus8kvlxcphv3j,094.White_breasted_Nuthatch
5htegmp4nnfolcx5,085.Horned_Lark
3t577685mx5iuvfd,193.Bewick_Wren
1is6verpfsv6g7wp,112.Great_Grey_Shrike
86d7d2y2wcna37yq,033.Yellow_billed_Cuckoo
6d76hljjfl44k5rl,146.Forsters_Tern
8b7urb617jpb8g03,089.Hooded_Merganser
3pf3d9aydnxjmofz,082.Ringed_Kingfisher
c9tq8yitvovoszfh,170.Mourning_Warbler
4n2drrhqynrr8t8n,056.Pine_Grosbeak
bmv2aoyoxwnoqky8,005.Crested_Auklet
5u4my6fbifb6zbhm,118.House_Sparrow
7k54lu1v6ty6cbl6,191.Red_headed_Woodpecker
04gjm07ey91fw4ic,074.Florida_Jay
54i96e6voru9j6en,108.White_necked_Raven
7m84a0sjnh79wsv7,010.Red_winged_Blackbird
6dc4toi0z1p1fjkx,109.American_Redstart
7oc1dmcjjpmdusx5,136.Barn_Swallow
92emmg60lx2cgafk,042.Vermilion_Flycatcher
b0k3jtfgbghwe8f9,057.Rose_breasted_Grosbeak
7h8d7jnn7idvn2yn,137.Cliff_Swallow
81l10zhi885zxc99,154.Red_eyed_Vireo
6ry74fl4ke2z60xc,097.Orchard_Oriole
1ir473tvdjutvhrs,154.Red_eyed_Vireo
3kf6o9mqqh7ifapr,086.Pacific_Loon
b7jxtx1btjghirbz,143.Caspian_Tern
1cctg0343ci64duv,080.Green_Kingfisher
22rv19jky86p77fw,101.White_Pelican
bo5vccqlpt5760pa,152.Blue_headed_Vireo
0hbvaqcawsftjv9d,100.Brown_Pelican
03m0wf598v4upr9t,092.Nighthawk
2u8vu4d37rrdnm0b,176.Prairie_Warbler
brfz5e8mo401vj7b,121.Grasshopper_Sparrow
a4dqh2oaignplbvz,001.Black_footed_Albatross
202av7li8cxuqdzh,073.Blue_Jay
7dxe0uh7h7aosex0,024.Red_faced_Cormorant
6lf270i51tizl57l,180.Wilson_Warbler
14c69yqw8l5uqpf1,024.Red_faced_Cormorant
akbw0cpjn6wz1d4i,048.European_Goldfinch
7l6l28rhka3icc5i,096.Hooded_Oriole
5e9a9nbtlcwmm0gv,070.Green_Violetear
4a2tkpzdxxrcht53,069.Rufous_Hummingbird
7tqp466c1tlisfjn,186.Cedar_Waxwing
5doljpm0fq4ktgyl,063.Ivory_Gull
4f17ab2pgpq5xesb,105.Whip_poor_Will
4r710999k94yr783,064.Ring_billed_Gull
96zr04a5t40jgb43,179.Tennessee_Warbler
564qgsymvcq7nfn0,010.Red_winged_Blackbird
ayi9dnod4bdefaer,112.Great_Grey_Shrike
1nynhwuqup6qnfgl,053.Western_Grebe
2ae0e7utox523aec,199.Winter_Wren
83p5qzc4di0qfb21,148.Green_tailed_Towhee
bdol42sh9bo2v8mb,069.Rufous_Hummingbird
30e2a1digd1a6byx,160.Black_throated_Blue_Warbler
4vt8710xbyeajqd7,134.Cape_Glossy_Starling
8ewu2yf80j9pldts,029.American_Crow
0ky8nb16o4w3zugi,174.Palm_Warbler
28xrr7jbt38ebwg8,093.Clark_Nutcracker
augkmaxmswzr26hn,035.Purple_Finch
65qy45g8h5dabbhd,028.Brown_Creeper
bpagiq29lyad8hs2,137.Cliff_Swallow
959xue27egd6r0zx,041.Scissor_tailed_Flycatcher
7u8ybacj0v3a74o5,148.Green_tailed_Towhee
bfbadga2yvbm9ol9,052.Pied_billed_Grebe
8qh038hs8p4tgyju,179.Tennessee_Warbler
3aeolc00ztats2nu,014.Indigo_Bunting
2m0u26gy4hix5yd9,065.Slaty_backed_Gull
135volqoif5urn86,094.White_breasted_Nuthatch
01pqvgnpo4kj20uc,009.Brewer_Blackbird
04x6l4edzt2srb0q,183.Northern_Waterthrush
9oxm6wu4qzhpazz8,054.Blue_Grosbeak
7v1k5va24cy6gxwt,077.Tropical_Kingbird
1ss8mlalc2p2twdf,141.Artic_Tern
arfj6abnlm5ulkl0,139.Scarlet_Tanager
8wnltawz16to8scr,026.Bronzed_Cowbird
9bx9welcq52pordx,169.Magnolia_Warbler
5yybudjy68qfdx7k,101.White_Pelican
2nrzhe7b0yww960g,109.American_Redstart
1eat51s1u64gh2fk,145.Elegant_Tern
34ve2l5hzahj6008,196.House_Wren
4ixlgpmj1wh08lpr,101.White_Pelican
bvazw2ia69yv928v,161.Blue_winged_Warbler
1aef2temrc5koson,142.Black_Tern
aefpm0raphjdlyqn,057.Rose_breasted_Grosbeak
3j942kmrepomkk48,116.Chipping_Sparrow
6zhddh5oczre8mpt,040.Olive_sided_Flycatcher
5kt6x7cyptnr5u32,185.Bohemian_Waxwing
2am8lye1r0jx40dh,142.Black_Tern
7wn70gzyw1z90w6r,024.Red_faced_Cormorant
b496qagvgcm4wvzk,168.Kentucky_Warbler
2psx24lxb34b456r,163.Cape_May_Warbler
078e1vsyg5n6rgcx,138.Tree_Swallow
5wfnlazlselhc1m8,090.Red_breasted_Merganser
87qe9jg61iycxk8s,102.Western_Wood_Pewee
24eu3k89muputnou,090.Red_breasted_Merganser
atcgi3m4ksd48pxk,134.Cape_Glossy_Starling
1jmwwe5hrm764hze,188.Pileated_Woodpecker
11ow9990yem50l8r,075.Green_Jay
ah48y8aa63eh4tu9,153.Philadelphia_Vireo
b4puiowfwdghoz1c,050.Eared_Grebe
c8sh9xzl938v1p7q,200.Common_Yellowthroat
4ogs2clj7jazvqj3,073.Blue_Jay
1ef4yyfi3i3atill,048.European_Goldfinch
9y1l2yxcb1is92eq,199.Winter_Wren
3f2umb06b1mvh6kv,179.Tennessee_Warbler
7xt85k7xz8580762,158.Bay_breasted_Warbler
22k3s0wvvgktb0ti,071.Long_tailed_Jaeger
5qh5o0np3e2gzi8p,181.Worm_eating_Warbler
3vkbgcxrtlgz1xvj,060.Glaucous_winged_Gull
6k00qtz9n2fdt0xo,032.Mangrove_Cuckoo
1hknlkyf2sii7790,065.Slaty_backed_Gull
10kfk7devw6ukk4h,123.Henslow_Sparrow
3ql611nwh4fgc2pt,170.Mourning_Warbler
41kt4ihwgnlgqv60,129.Song_Sparrow
2iq7xw1cwl1dswap,008.Rhinoceros_Auklet
2lhq711zktddh3qp,187.American_Three_toed_Woodpecker
5y8q2eag716fe2e1,096.Hooded_Oriole
6vl3e8xyyn00eo08,016.Painted_Bunting
b0mvdd2pwtg34l2y,050.Eared_Grebe
1yec2i8n50tcuero,162.Canada_Warbler
1v7eroauxh4hor0m,094.White_breasted_Nuthatch
8dhm518p9ad82nju,081.Pied_Kingfisher
882w0expbhqicxu0,063.Ivory_Gull
5qzz3lynpar6qto4,057.Rose_breasted_Grosbeak
c0rvuwjz2u7sifoj,103.Sayornis
akxyvvsrwsvadr0u,032.Mangrove_Cuckoo
92iqr33o9q3docgz,150.Sage_Thrasher
7uinchhp9f0k2aaq,187.American_Three_toed_Woodpecker
07fvjtkaw3tupkh7,089.Hooded_Merganser
5digi60aicwyo994,102.Western_Wood_Pewee
24mdzkpicp1t1swp,023.Brandt_Cormorant
8l4uovkeh64xg9zq,077.Tropical_Kingbird
1ij5ovnxeweuqbmw,027.Shiny_Cowbird
7v87dhcfid4m5kkr,165.Chestnut_sided_Warbler
6tr6jwma2rwsm6f6,139.Scarlet_Tanager
237oxibd2pzqlveb,180.Wilson_Warbler
canqwmi9i1jmspo6,028.Brown_Creeper
0lrcdjt4i6ir6xka,176.Prairie_Warbler
617gv4ztyehfo41u,108.White_necked_Raven
1bp0ywdptytkhppi,156.White_eyed_Vireo
af88ph4tqb48puah,121.Grasshopper_Sparrow
6ug68wsh3hjyza14,099.Ovenbird
5hstbxaw3al0e3nz,200.Common_Yellowthroat
629gmzcjfkcnegih,189.Red_bellied_Woodpecker
5wba8gk5u81r35f1,135.Bank_Swallow
0v4u30od1t881ll6,176.Prairie_Warbler
0i5yx3gojrug2ohy,071.Long_tailed_Jaeger
8f34l98fdynwhl8i,090.Red_breasted_Merganser
3gxmu01paug24qud,135.Bank_Swallow
22hyptgw3es62b1p,013.Bobolink
6f1fkb0fazcf29ou,160.Black_throated_Blue_Warbler
73bz4iy0z6ss1kze,158.Bay_breasted_Warbler
2jag5b2yz6qp9jc9,126.Nelson_Sharp_tailed_Sparrow
c29062ofrws3nfsf,142.Black_Tern
4q65xy3qqzaiki4d,066.Western_Gull
bjn3o8c3r4lj555d,024.Red_faced_Cormorant
4pelk865v40dglte,003.Sooty_Albatross
8uu90wrnx8om7x3r,043.Yellow_bellied_Flycatcher
3b0wnoz0u2vpoubh,024.Red_faced_Cormorant
bzk1eg0b2zkl8slr,063.Ivory_Gull
3jnrb565kqufgrwg,053.Western_Grebe
8f4a075qrlp3ijqk,121.Grasshopper_Sparrow
asq4zdu69k97ky95,059.California_Gull
8vgz96v88s38uryr,182.Yellow_Warbler
42su46l0grbdfakh,033.Yellow_billed_Cuckoo
0p3semshud3h7yow,170.Mourning_Warbler
c3i1fbgaic4mzer2,030.Fish_Crow
1n99564ubzhucszd,171.Myrtle_Warbler
7di3fbyergt55s4h,016.Painted_Bunting
0tc97h7sxxtwtykc,126.Nelson_Sharp_tailed_Sparrow
6fv3fgkrzng1vtmm,084.Red_legged_Kittiwake
1jnuz8c8duawogqo,083.White_breasted_Kingfisher
34nvhptygwnpuxz8,184.Louisiana_Waterthrush
0r5u79eo40rw0rqs,044.Frigatebird
9d1j9u9a7wkrv6jq,025.Pelagic_Cormorant
0awwsavy1sxvnizu,114.Black_throated_Sparrow
84xvfz34ijuzeqy8,089.Hooded_Merganser
0arocb5hdkgqyle5,004.Groove_billed_Ani
8y49fyw0k8ne3dzq,047.American_Goldfinch
8t6ymijisegnsgsc,144.Common_Tern
483vlruwrjnhixuk,150.Sage_Thrasher
4tcy7wfizxvh1x82,100.Brown_Pelican
2jkip3h2gn60z8e1,015.Lazuli_Bunting
77hw11warxglhifn,180.Wilson_Warbler
8jsc1yeqv1q9wxet,009.Brewer_Blackbird
62ahz7n99jxv2u5u,179.Tennessee_Warbler
421yfbjqsx3qf97u,174.Palm_Warbler
7lvldutwh866ptx9,082.Ringed_Kingfisher
2vov3nl7ox917sc5,177.Prothonotary_Warbler
4r4k81ft0arlb78y,055.Evening_Grosbeak
3m0h4ids52sf2w6q,184.Louisiana_Waterthrush
4szgvuhmwiv15x55,197.Marsh_Wren
9ncd9nz9fadr1aos,104.American_Pipit
3cxcfqw4hrfbt2hn,052.Pied_billed_Grebe
6j9e46fnl6wrzd5h,031.Black_billed_Cuckoo
abnrkzt26f1rage0,077.Tropical_Kingbird
45ne3xwy09w0maww,153.Philadelphia_Vireo
97e08g7z3zy6y963,165.Chestnut_sided_Warbler
3vwfx1q22s69erpp,175.Pine_Warbler
6vm0twg35dyumypt,017.Cardinal
7bi09tqr7orwjsto,116.Chipping_Sparrow
2dsxyqft5dnss1k6,036.Northern_Flicker
5027tbsn7vgg4cb9,108.White_necked_Raven
18k8cwnx4mvlw1yo,092.Nighthawk
9kzlubsnyj8e3o6l,063.Ivory_Gull
7672yn19722w5nom,023.Brandt_Cormorant
c5s7druwa9e6irpw,122.Harris_Sparrow
8ef70q2p49guboup,131.Vesper_Sparrow
51fzjd2fda3pe97y,193.Bewick_Wren
9l5pu0ju7t0zpdkg,007.Parakeet_Auklet
aajqdmeeoi6o16wl,013.Bobolink
2nx29aejql5p88h1,118.House_Sparrow
968q6q683705k3f1,200.Common_Yellowthroat
1eotc9tknbfcau6l,150.Sage_Thrasher
364j1xz6qzgwguwc,115.Brewer_Sparrow
2vgeqnwpbbobxbjh,061.Heermann_Gull
2ddrv8wr70tfbm98,116.Chipping_Sparrow
5g89ud7a65chtk46,041.Scissor_tailed_Flycatcher
b08ibylmg90wrybu,141.Artic_Tern
8h66j2fdhbfdruxs,170.Mourning_Warbler
5h1epgya2578lvq4,036.Northern_Flicker
6134spreix2rm471,044.Frigatebird
4wu5fssku63dmn8z,151.Black_capped_Vireo
6rzrxmqp3fpqy3rs,140.Summer_Tanager
6mmou4rifc99bdej,058.Pigeon_Guillemot
b8tik0io45pn346m,115.Brewer_Sparrow
15lanhvl25z71nl8,002.Laysan_Albatross
4jxd6kho2vke0llg,124.Le_Conte_Sparrow
2x4rqw99bncocmym,120.Fox_Sparrow
2zmvm709hzzb766k,128.Seaside_Sparrow
9wxabyhajvasiqj3,033.Yellow_billed_Cuckoo
7711wx6bnem44v8x,006.Least_Auklet
453wbztphvofsb54,048.European_Goldfinch
3cpi0y0e8wzbscur,013.Bobolink
8tkp7gi8i2o80kfd,076.Dark_eyed_Junco
0johcsqnitaxondf,031.Black_billed_Cuckoo
bjlv5udfwa18jtlp,043.Yellow_bellied_Flycatcher
bivv54tesc4g26yo,127.Savannah_Sparrow
aclzdxf7zmu7x1b1,001.Black_footed_Albatross
9pfi4mk6avpzoee2,062.Herring_Gull
5z4iwfmrmzmyxe0z,095.Baltimore_Oriole
14xneojeje8083bx,178.Swainson_Warbler
6tbjr2meh2a8td7j,072.Pomarine_Jaeger
41zy45kyyh002y6x,030.Fish_Crow
4wlumn6h8wsw3l4j,064.Ring_billed_Gull
3rp6hw2exev3x4he,014.Indigo_Bunting
1rdvs9816i11c6tu,022.Chuck_will_Widow
30evnsptodfjc056,104.American_Pipit
63kavyl80822ou26,145.Elegant_Tern
6ow1g3lcx8ajr9a3,099.Ovenbird
0q8wgng41syb8rzo,166.Golden_winged_Warbler
b9xevqpeiehlve8m,196.House_Wren
1llayfbx9tvbjbqn,049.Boat_tailed_Grackle
22dfo0bjtspl6ibo,008.Rhinoceros_Auklet
54x5i86jhfkammod,026.Bronzed_Cowbird
7jtrt28aajurifdq,063.Ivory_Gull
4nqtwnj1ewqy01vt,005.Crested_Auklet
1ur1gklgt0hdj390,078.Gray_Kingbird
8mzzyrvk5vasppqd,114.Black_throated_Sparrow
14wrlp0tkn6mvete,179.Tennessee_Warbler
1fdfgspdjqo9mnuk,044.Frigatebird
apqp5fvpzdstjtaa,151.Black_capped_Vireo
67g95psm6d0yi2aq,027.Shiny_Cowbird
4gk3ylhci5iyhtq5,128.Seaside_Sparrow
buvt2lzaebpbqvwd,045.Northern_Fulmar
4xqodq885k7quth6,077.Tropical_Kingbird
3aa8n0yqrzt8e2tz,113.Baird_Sparrow
89wnb8ch5cgp801k,056.Pine_Grosbeak
4g9ahhm7nec7p4g3,075.Green_Jay
77kdx272sxbre2gh,185.Bohemian_Waxwing
15816md2ipvgwk6w,012.Yellow_headed_Blackbird
2wlh9vtudgcqlkca,192.Downy_Woodpecker
4lkhzgisllh644tl,196.House_Wren
8ud0pd4xtjn2s36j,144.Common_Tern
9lvzqwp5ob1v7unq,006.Least_Auklet
4yoygt8tecb81a00,102.Western_Wood_Pewee
9w5j0hsr2o9vuw9u,190.Red_cockaded_Woodpecker
837vaiixwgxdfeml,038.Great_Crested_Flycatcher
1ic6bdgoczb52tbh,183.Northern_Waterthrush
3xhqqa20au2clhqf,039.Least_Flycatcher
5i0htc0sh8sfwj8f,089.Hooded_Merganser
86j2ehxq975j767f,173.Orange_crowned_Warbler
ayfz8ifydomtze47,061.Heermann_Gull
c8m2rxcvubcf3i1y,120.Fox_Sparrow
1tyh089qigix6h8b,196.House_Wren
ba3o3uahtm2t88bi,076.Dark_eyed_Junco
cb7cb95s7pwt4v7g,069.Rufous_Hummingbird
aeferjkxik5uerfr,144.Common_Tern
01txr2cjmqt2mac3,124.Le_Conte_Sparrow
a3oqgmpzk34m7nb7,140.Summer_Tanager
2l9h2q6bqd0kb5xd,002.Laysan_Albatross
b5dlwofjnvgoewmw,180.Wilson_Warbler
7u7b58wtd95ok3cv,074.Florida_Jay
762xqa8b79q2arpv,190.Red_cockaded_Woodpecker
7212wr55q6y16ctp,031.Black_billed_Cuckoo
894hce6b8wkyn38o,144.Common_Tern
663dx8z9z87sjjzf,107.Common_Raven
203xd18e33fo8on1,009.Brewer_Blackbird
5e76q82imimd3mce,008.Rhinoceros_Auklet
6252dj3mgpn83gx9,132.White_crowned_Sparrow
9rxyiwovyu269nod,090.Red_breasted_Merganser
cacokfacjkmheirs,070.Green_Violetear
canyvosoh6q5lwux,184.Louisiana_Waterthrush
cdax8l0lsb5cqgr0,174.Palm_Warbler
9rkgmxcal5torxsc,079.Belted_Kingfisher
3vetoth0dtmitvpg,050.Eared_Grebe
4veb06bd5roj0ova,085.Horned_Lark
5a06gq3a3hqdbtnl,094.White_breasted_Nuthatch
5urksa1j1i0so7hf,132.White_crowned_Sparrow
652nzusp2wrozdjv,026.Bronzed_Cowbird
540lso18t07ig0pl,115.Brewer_Sparrow
8gw3covbj4b1c26f,038.Great_Crested_Flycatcher
c0vqt5b35zm49gzq,014.Indigo_Bunting
adirwamkzqg6r89n,001.Black_footed_Albatross
bnp6411bxmxcjn50,006.Least_Auklet
1iq54tsp6z80jv5d,047.American_Goldfinch
3a0oxgjs61wuf4hf,034.Gray_crowned_Rosy_Finch
b09iov3sb9aazemt,104.American_Pipit
9xfsclmcmlit40ps,181.Worm_eating_Warbler
5zjtsa5fnu4anl8s,180.Wilson_Warbler
2clr3jot2r0nes5u,070.Green_Violetear
3eo2ivfdxda6tua6,198.Rock_Wren
8ct8r35n4bbwfifz,180.Wilson_Warbler
9zddmgkl0eravu8s,032.Mangrove_Cuckoo
83npnrvv23a9zupx,053.Western_Grebe
6jjo8ivmkaxc79sn,033.Yellow_billed_Cuckoo
36mbq4i7c9bf59ta,024.Red_faced_Cormorant
35kdv9n6qkbp20yc,185.Bohemian_Waxwing
9lt59xm54scdwuni,199.Winter_Wren
1xcyubh68ztgre9j,157.Yellow_throated_Vireo
1apm0xyn7s71cwq2,165.Chestnut_sided_Warbler
23khxyhtd4gire2j,003.Sooty_Albatross
9ih488uhfcfdcm2e,191.Red_headed_Woodpecker
3fk102pyejl54tp0,066.Western_Gull
agfxwx0gl8n2finp,121.Grasshopper_Sparrow
bgnyotw309n06fnh,087.Mallard
bjmblscgi2m0ub7a,011.Rusty_Blackbird
0gfwjqgk4q9ewjmf,109.American_Redstart
323qje90ut61fvp0,121.Grasshopper_Sparrow
0uvu6pgf9rx25bdk,012.Yellow_headed_Blackbird
4ure68gt37k3lgyc,074.Florida_Jay
699t6m2msisgpdc8,093.Clark_Nutcracker
5m63puhugevcvc4k,004.Groove_billed_Ani
4ythih2htykh8jh5,191.Red_headed_Woodpecker
1pfdl95b5ye0oik0,149.Brown_Thrasher
0wcnevdosi46s71x,156.White_eyed_Vireo
25dvqef5grfi8mio,134.Cape_Glossy_Starling
1xbtm46tx4bhxapi,080.Green_Kingfisher
aj37axmjm8tw6t80,058.Pigeon_Guillemot
4vcljo32vo27c4jr,038.Great_Crested_Flycatcher
7qoap5fvurk39elb,131.Vesper_Sparrow
46wq1u4hnq4fdl0o,036.Northern_Flicker
bbd4avs6lwyo6yb1,173.Orange_crowned_Warbler
95hewyq0t2klb8g7,020.Yellow_breasted_Chat
01yn4elsxm9vxfrj,031.Black_billed_Cuckoo
34ya9nynwj7ed5oa,008.Rhinoceros_Auklet
b6d2h3ix81azfp3g,068.Ruby_throated_Hummingbird
6b5dtmx2tqg0mb7u,192.Downy_Woodpecker
1y6n7l96tf8kc7m8,068.Ruby_throated_Hummingbird
5fma25uex18nlzsj,102.Western_Wood_Pewee
c11759u5mzuof344,112.Great_Grey_Shrike
2a1oebneizgkkxt9,112.Great_Grey_Shrike
6ih9tdtzehngylzf,056.Pine_Grosbeak
1lmx3csgly32h97l,088.Western_Meadowlark
9tvmwoan39v3uw82,164.Cerulean_Warbler
8rbv4hwb4f3eu3aa,013.Bobolink
7m5es54v07emm7ee,050.Eared_Grebe
2n92xl5ih0grhd5x,160.Black_throated_Blue_Warbler
3erlovz5p1d9k682,106.Horned_Puffin
4ods3onsi3i7cxfg,049.Boat_tailed_Grackle
140csenrndln8uxu,095.Baltimore_Oriole
7pyabkufd57rvddn,033.Yellow_billed_Cuckoo
9ham9u6piaobau2e,029.American_Crow
aoflkd108mw8vx22,017.Cardinal
958aw6uwjgw7mkw6,126.Nelson_Sharp_tailed_Sparrow
70ifkpzrsonxs85h,002.Laysan_Albatross
2uznngzgl6us05sy,198.Rock_Wren
brnh4v5ary5ku8co,098.Scott_Oriole
57p7yl2iz1oqcdaf,074.Florida_Jay
7xedruey0rtor6pw,121.Grasshopper_Sparrow
3gut194ctwni1moc,115.Brewer_Sparrow
3hxd6k6oiedqtiym,133.White_throated_Sparrow
0wqdyavzpd746mtx,154.Red_eyed_Vireo
84d29wl5q8jg1tqd,140.Summer_Tanager
6xr3hg1o18p199r0,019.Gray_Catbird
21brqk40qc6omdh2,197.Marsh_Wren
2ixos6fv4ubidkyl,021.Eastern_Towhee
5coi8116opsq5pxr,032.Mangrove_Cuckoo
c3sopisd0jjy4dwo,163.Cape_May_Warbler
2xxn5rhz2p20j9k3,088.Western_Meadowlark
5p5q863vjw7yifko,143.Caspian_Tern
0a4zq08pju2gkwcs,003.Sooty_Albatross
71hfh6edib4kwuqh,103.Sayornis
cg7n17zbyw926d0f,066.Western_Gull
8d9ej7h74803jmip,171.Myrtle_Warbler
7inmuwayhtn8fep3,011.Rusty_Blackbird
b7n8ex545gx4us58,153.Philadelphia_Vireo
c8s5r6qlpj9m2wuu,112.Great_Grey_Shrike
0psapq1uldaikdwo,019.Gray_Catbird
aaf7gix2qusmtyyp,155.Warbling_Vireo
0x4ko35gkadgq0b3,113.Baird_Sparrow
0kcvm034qwwbjdvj,072.Pomarine_Jaeger
0bfwyzzdx1jby7xl,109.American_Redstart
9cmhvy59ufxbyt8i,030.Fish_Crow
44b2fpwmyfces4g6,185.Bohemian_Waxwing
0gg5nx6e84lco1qs,061.Heermann_Gull
76y1jh4cawoujvlj,179.Tennessee_Warbler
974nz3h4n0emzq2t,023.Brandt_Cormorant
c8ccj2lsjcnzkr4x,169.Magnolia_Warbler
47zvzo8p86yzklt5,055.Evening_Grosbeak
2fgs9qfca4dc8xa7,127.Savannah_Sparrow
0dlxcgvx26rrunhc,166.Golden_winged_Warbler
5w18tvwdccmddsdz,058.Pigeon_Guillemot
8grrex2qsb0yhobx,089.Hooded_Merganser
3yfxi7am4b7p9o92,014.Indigo_Bunting
0h16eu2uahjnk9m4,018.Spotted_Catbird
29w2iaekoujgq3t1,156.White_eyed_Vireo
1rwlcbqbkodha7mr,033.Yellow_billed_Cuckoo
a1kredlobcix9d1e,164.Cerulean_Warbler
aq4m5amqgq358w22,005.Crested_Auklet
bfcfssbhz6cpewqc,184.Louisiana_Waterthrush
1p8twng6m8n15dpi,154.Red_eyed_Vireo
2w156bm73c4rkr7t,173.Orange_crowned_Warbler
1hkml23xjf8x87tl,061.Heermann_Gull
62goq5mitgz88xd1,071.Long_tailed_Jaeger
5q8mfbs5frvdahwf,068.Ruby_throated_Hummingbird
axp2ghppw8jp4t5k,035.Purple_Finch
42hkpdoplo8fxcf0,183.Northern_Waterthrush
1if2j0v3pdxntf9p,198.Rock_Wren
4w6yqeil5m3sjbk1,087.Mallard
3xyul3l1otqpy6s8,076.Dark_eyed_Junco
aq5g0bthy0jugoqu,007.Parakeet_Auklet
5u4h1bpwps6i2aze,064.Ring_billed_Gull
bwvzhwo80swyo9f8,166.Golden_winged_Warbler
2bfr56idnbxknitc,142.Black_Tern
0ty4mh608v53vct2,085.Horned_Lark
2gia93pboh87ibrq,131.Vesper_Sparrow
40jnn4se8digag2x,168.Kentucky_Warbler
7008tdhx1q54o6in,136.Barn_Swallow
bm9lbzumjbbkcbk2,153.Philadelphia_Vireo
4mccrjnikovzywa0,050.Eared_Grebe
8fnvu1vl8el4b60g,001.Black_footed_Albatross
0zruav44urz3tv6k,082.Ringed_Kingfisher
0p5q67fijc1wo8xx,190.Red_cockaded_Woodpecker
07ojk47mton7kbyu,129.Song_Sparrow
40oiai2mrm1hyt9l,019.Gray_Catbird
6k1gqdq8y0dua6h8,030.Fish_Crow
biglr53si2e06oaz,093.Clark_Nutcracker
bqu4043xggemo2u1,118.House_Sparrow
4shiq3m2k8ke93pb,066.Western_Gull
94kzfisz3iaw03wx,022.Chuck_will_Widow
3k9upta3ia316w4m,172.Nashville_Warbler
4yup1m35enbis3n2,193.Bewick_Wren
b602u3uh8qs5xbwc,009.Brewer_Blackbird
31l8znjg95ei3rul,154.Red_eyed_Vireo
1miwk1knu029ipvx,108.White_necked_Raven
12vnvilccqfz89od,176.Prairie_Warbler
100f08pktp6t738s,118.House_Sparrow
asmnr7zitybv2amz,055.Evening_Grosbeak
0u2m69i0a8e2tps0,070.Green_Violetear
5qztfsmvpdykccw7,075.Green_Jay
53mgatrcs8mn18sn,073.Blue_Jay
0s1ukb81hmkhu0b5,146.Forsters_Tern
82wjzimct9x3jbqe,148.Green_tailed_Towhee
6dmfzuq1b9jqozdk,164.Cerulean_Warbler
8t8fh0junuum9a8d,104.American_Pipit
97yvbansd1st9vnj,059.California_Gull
8rrbmftd1v1ir59p,119.Field_Sparrow
1coo7ikl2nia0pl4,019.Gray_Catbird
3ap5ixfely7bt872,009.Brewer_Blackbird
6qvjm1kuow56xkc6,069.Rufous_Hummingbird
01v6lr17lljyjrsb,035.Purple_Finch
1rd5rvyejcmvt83k,069.Rufous_Hummingbird
8pzxwirl2nypphub,175.Pine_Warbler
56is13vfsud4680p,032.Mangrove_Cuckoo
9hrbnd6cdjlbyx7v,083.White_breasted_Kingfisher
15oee6dowfakfz81,127.Savannah_Sparrow
98mwqdq8bdce4d5z,084.Red_legged_Kittiwake
3ymyzbg7j04md9ic,155.Warbling_Vireo
bkfbxy4gc1rxkwaq,053.Western_Grebe
926kx7iowr4ff7cx,065.Slaty_backed_Gull
7gxb5y8wjamokw8k,171.Myrtle_Warbler
7xn5sjbp9b5ngqq3,090.Red_breasted_Merganser
403vhy4ogib6qe4u,049.Boat_tailed_Grackle
biopobnq653jq9m2,087.Mallard
74tjxd46idyd7p4g,101.White_Pelican
7echg5i7s0f3gc1y,181.Worm_eating_Warbler
807bpek2oq3ig3a3,066.Western_Gull
1v2ks8ho52p2olke,098.Scott_Oriole
40t2cdem0qz01ye5,062.Herring_Gull
5hm4x7ww9hidjqeo,132.White_crowned_Sparrow
5yc87upi894pteil,041.Scissor_tailed_Flycatcher
5zt4lge0kh222fzg,145.Elegant_Tern
2kc3on3nrws4bx3v,139.Scarlet_Tanager
38ok0z3qo15i9t4c,084.Red_legged_Kittiwake
4scumn3j2k5i5yog,005.Crested_Auklet
3o1kja0v3qkmj4xp,117.Clay_colored_Sparrow
1nv3oyaurz2q1mpj,051.Horned_Grebe
42axjzlg51vfpkj6,098.Scott_Oriole
ae8sby7qgqmc2ney,135.Bank_Swallow
c8es6cld05dnh3j0,038.Great_Crested_Flycatcher
62rdk2kbe1z7t7v6,016.Painted_Bunting
05hfh9g43e8ytj7a,191.Red_headed_Woodpecker
9z6bfq0gkvcdmit7,026.Bronzed_Cowbird
5554ijqa7vunaljg,152.Blue_headed_Vireo
0ksie1n5njj9f8ob,082.Ringed_Kingfisher
0zy91syjnufy5sgd,030.Fish_Crow
5x9p4wob9kvxexut,141.Artic_Tern
2xcjl73kjaqdw7s8,169.Magnolia_Warbler
83a07trcwo29zkpc,034.Gray_crowned_Rosy_Finch
9gnwnvukgwlu3ofe,028.Brown_Creeper
861awhfbol18khi9,145.Elegant_Tern
77r1us52x1aehzp1,118.House_Sparrow
1fmxmo6dlgc6y6du,155.Warbling_Vireo
2angbehe3pog44rt,003.Sooty_Albatross
cfrufisocay3pn4v,122.Harris_Sparrow
8afl45cyl99xhjsu,044.Frigatebird
9xx7hnl2ko5cnv16,170.Mourning_Warbler
2xun1274altju5ec,008.Rhinoceros_Auklet
35qj0nsquzxkxwjt,132.White_crowned_Sparrow
c11h0blbvz51xey9,135.Bank_Swallow
5n3e1lzehhiy8lnd,016.Painted_Bunting
0jmnhjq18tgg11c2,134.Cape_Glossy_Starling
2dmdrr42o13feygp,143.Caspian_Tern
70hl0kla2o5cmpb0,159.Black_and_white_Warbler
b8y2toialbd7gdmw,043.Yellow_bellied_Flycatcher
9b6ihwqa3djkkrys,130.Tree_Sparrow
3tloq4utskz2jy7g,020.Yellow_breasted_Chat
885twm9ynilb56zg,122.Harris_Sparrow
7qk0tsl6pttul86i,182.Yellow_Warbler
5l8j4lnx7hg53j0j,080.Green_Kingfisher
2trb7u42ah71yx2s,042.Vermilion_Flycatcher
ao6gwifq2f5vv984,008.Rhinoceros_Auklet
21ca8x7jmnr8elon,123.Henslow_Sparrow
5etu8yzf9v80qsrk,103.Sayornis
6vu29501kn7w1i24,049.Boat_tailed_Grackle
5jww8z53ihrt19ev,046.Gadwall
bwwcb4zoylnz4ois,197.Marsh_Wren
6gtlrqwq9lia5rlx,171.Myrtle_Warbler
2lvcq86vq7lepbdn,113.Baird_Sparrow
0nudfp6xuaaot2h3,145.Elegant_Tern
bgnb0h3to70kbp5i,054.Blue_Grosbeak
aeicdk04kzzhki0m,041.Scissor_tailed_Flycatcher
1xq9rg9n3ntbwjll,173.Orange_crowned_Warbler
3c8fhpbax7ifv9vd,183.Northern_Waterthrush
0ikkebjf3ax4jxv4,123.Henslow_Sparrow
b9sru2zmk65anq0s,014.Indigo_Bunting
6xbp6njofynfwnz8,200.Common_Yellowthroat
6o52ue65lnvarjqd,049.Boat_tailed_Grackle
5w7a8rlgdiw1r5mf,158.Bay_breasted_Warbler
1p1m8r2a77ws3pni,195.Carolina_Wren
b24dggxuh7cdqowa,107.Common_Raven
7uyw0eg71lp0ehz9,113.Baird_Sparrow
48n7zilpswx4zdeu,125.Lincoln_Sparrow
321sg6t8ew92dqlo,152.Blue_headed_Vireo
75apjql6j21omwmh,017.Cardinal
19fr9pu293pq8igc,072.Pomarine_Jaeger
3qdwosvatqm9mhog,058.Pigeon_Guillemot
62t2jxpp5smyd085,025.Pelagic_Cormorant
4nvm460dgml8xlsk,158.Bay_breasted_Warbler
1l9mi7eaw1o784hq,160.Black_throated_Blue_Warbler
a37gwr7zo9yhwcl2,058.Pigeon_Guillemot
auh1e4fgukytnrfx,176.Prairie_Warbler
2mnbfs4fftg8y2sa,086.Pacific_Loon
0390nt45sljdiv3o,168.Kentucky_Warbler
09qx77jzhzooaae5,163.Cape_May_Warbler
5wulm1jieq90ixb6,157.Yellow_throated_Vireo
1dw6k13p22et2inw,093.Clark_Nutcracker
5mmnjgxlfc20tz9l,183.Northern_Waterthrush
6p63q707j42etkq3,056.Pine_Grosbeak
2ld5dj7rzlqbgnu1,135.Bank_Swallow
7dfw6j7jikg68nm4,002.Laysan_Albatross
8v5jii6g5ht7dqol,003.Sooty_Albatross
1umzxskm4x3aqotv,115.Brewer_Sparrow
a1w3klm4mnrv7gzf,136.Barn_Swallow
8grdot9c3cb5hhy3,195.Carolina_Wren
84yrdzpq5b5bf849,070.Green_Violetear
ca05pdsvwzh731bg,185.Bohemian_Waxwing
a7orxpd9vokwh0h2,056.Pine_Grosbeak
bqnus0h5t0imh40w,177.Prothonotary_Warbler
7he1uyrhudc5ysmi,076.Dark_eyed_Junco
8d960v7d1o50wnl2,139.Scarlet_Tanager
5ds3oyn155ppy93g,172.Nashville_Warbler
6jwnjov76ys8d6kd,190.Red_cockaded_Woodpecker
afdo48optig08myw,051.Horned_Grebe
701uxxhio1aitqkr,130.Tree_Sparrow
aucpo4yy3uzw0grh,192.Downy_Woodpecker
azz3xyqjdhcn9gdj,035.Purple_Finch
8rjitc85ogaif7bs,080.Green_Kingfisher
6kit5brvjd4jy5f0,096.Hooded_Oriole
2055sezbbbhzz9yz,190.Red_cockaded_Woodpecker
bcpjh8aokwxrwj0i,004.Groove_billed_Ani
7lujwbbwxrdrzznk,163.Cape_May_Warbler
7ffvdg7p4i0g2mzv,004.Groove_billed_Ani
6w8h4kfjg1c8qtc9,103.Sayornis
8isnsvp13djvpy99,102.Western_Wood_Pewee
5mdf195mm7k75iue,167.Hooded_Warbler
2iv1rnrm086s4phq,024.Red_faced_Cormorant
0eh3jem987jmfhii,191.Red_headed_Woodpecker
6c4xoalf78rcr06x,184.Louisiana_Waterthrush
8lcpnmf40gtvkli1,055.Evening_Grosbeak
1cvfqy8qvlqhyk6a,012.Yellow_headed_Blackbird
1q2xk8sb6b2awrrq,062.Herring_Gull
1gkwpp2sjx96aznc,170.Mourning_Warbler
8fgwtzap3n6tf5jq,196.House_Wren
5y5aicgg01aky1lf,054.Blue_Grosbeak
6i6lgi2npe97jpb4,186.Cedar_Waxwing
30v88pibj39ac8kv,153.Philadelphia_Vireo
1clta5anlycbuxxh,149.Brown_Thrasher
1mdrwa10k042cus3,051.Horned_Grebe
2f6dn2aew30rk3hs,165.Chestnut_sided_Warbler
6wghfpmsiabm7z8k,172.Nashville_Warbler
9lhy1fknyaf3jan9,056.Pine_Grosbeak
b75wenla29c5v002,047.American_Goldfinch
6exywdcu0491e59x,182.Yellow_Warbler
bsnpf2oz5j3y63zg,128.Seaside_Sparrow
2x6tub7g1urj3v1w,136.Barn_Swallow
42fps9l5x4y0v6si,068.Ruby_throated_Hummingbird
3nomuk5vpdptofrv,002.Laysan_Albatross
63zb02drpmsc7ec9,115.Brewer_Sparrow
5qugljjft1bukbwx,010.Red_winged_Blackbird
544rav7nr0vkp2vw,012.Yellow_headed_Blackbird
49h6dxtqgorqds0v,114.Black_throated_Sparrow
63gsbej717mbw78y,167.Hooded_Warbler
06l9qcrov5g6rs00,088.Western_Meadowlark
0ay5hbb5uwlr9o8v,119.Field_Sparrow
61dp5ylkpzx1b04t,064.Ring_billed_Gull
af431aheffpow0yx,136.Barn_Swallow
3jezdqap6jqpvn95,125.Lincoln_Sparrow
2qn18sv8qxfn5gmu,022.Chuck_will_Widow
bnmdkk0ooqtg026v,066.Western_Gull
b046xchlk4oon7hn,187.American_Three_toed_Woodpecker
1hm5z0iwgj2skv5i,180.Wilson_Warbler
ks8ddrdmmgjqy1co,060.Glaucous_winged_Gull
df0ik1d1eiz9asub,012.Yellow_headed_Blackbird
h16m0qswfytqaj98,058.Pigeon_Guillemot
d2gzk6tn597w01td,183.Northern_Waterthrush
izwr8givjmw7czg4,037.Acadian_Flycatcher
jl7hm2ep1n4j9inl,078.Gray_Kingbird
h9sa1riabkovul98,168.Kentucky_Warbler
jshdhc5yhi39u04o,012.Yellow_headed_Blackbird
kqsxbuu9lewvc3af,050.Eared_Grebe
jtaimfui78492jha,129.Song_Sparrow
efpg5jlxrcdvdsuf,013.Bobolink
imct78laoold5ylv,068.Ruby_throated_Hummingbird
jefpi1v3wtd52urh,122.Harris_Sparrow
edzzldyf7deuf3tq,179.Tennessee_Warbler
eqt1e57jepyspzxx,021.Eastern_Towhee
e2vv189po1bl6kqe,099.Ovenbird
eop9icy7st24fbl3,172.Nashville_Warbler
ks0o0rypvabvlbar,100.Brown_Pelican
cvyopgegxjpotsod,070.Green_Violetear
hqk2vk75touca76x,199.Winter_Wren
ktdpyuvyntc3x08c,183.Northern_Waterthrush
i08k6bvxrsuccxsi,014.Indigo_Bunting
etjfd248yvzkld33,153.Philadelphia_Vireo
cntipro9d0mlclpr,063.Ivory_Gull
g16ftq1xfofc8ekt,131.Vesper_Sparrow
gr56ochyngimmdxh,084.Red_legged_Kittiwake
hded1nbm84bzb11m,102.Western_Wood_Pewee
dc6gtbqkqzx21rij,070.Green_Violetear
ho2258rchjmalipr,073.Blue_Jay
fs2py74w6w921910,025.Pelagic_Cormorant
egtsdqvvgnlrtdv0,052.Pied_billed_Grebe
d5npyh0e8oz0i232,160.Black_throated_Blue_Warbler
ee70fg4h4mol5m0f,128.Seaside_Sparrow
jvuw14uze11a704t,060.Glaucous_winged_Gull
glgwwclq8fdmrnc5,034.Gray_crowned_Rosy_Finch
jrjbmy3bf35f5dws,025.Pelagic_Cormorant
jduyoy0d6teavlid,006.Least_Auklet
eogyn9cxgnr3o534,172.Nashville_Warbler
dvipqnq6rzn2zp2l,176.Prairie_Warbler
ksvsdh5qd0696oel,095.Baltimore_Oriole
gelxtb8mvf7jmxdw,119.Field_Sparrow
knbey0k2c4b44s3a,178.Swainson_Warbler
cgjqzu63knoo1a1u,037.Acadian_Flycatcher
gs3bfbvmicmgyomb,093.Clark_Nutcracker
g3niegx47hkn5b0b,070.Green_Violetear
jf7584530cv5g1ka,011.Rusty_Blackbird
ilxllqbdw7mdbzv6,198.Rock_Wren
huumlijmljjwoiqp,096.Hooded_Oriole
hf930b3a6y3nug90,040.Olive_sided_Flycatcher
h7b0y1na062kfeha,029.American_Crow
gmqmdmghscfmn8mj,146.Forsters_Tern
cisofo3oooamlb2e,138.Tree_Swallow
itch1qf6w16m4yeb,145.Elegant_Tern
fkqwt3lonfmv1o2u,006.Least_Auklet
goempikxcy3q4b3g,197.Marsh_Wren
ck7xn9wkluc6x6gg,197.Marsh_Wren
d7j4ekkj7direumq,165.Chestnut_sided_Warbler
drzaifyj4wvapt7j,022.Chuck_will_Widow
jv48mm8bcxlt48cb,193.Bewick_Wren
k5o9g2nhd834z0m6,128.Seaside_Sparrow
euk2d88uic7j64yh,012.Yellow_headed_Blackbird
j1571c9kl2l9w8bb,043.Yellow_bellied_Flycatcher
h1vyhp1e021g8i33,168.Kentucky_Warbler
hu7kq3xp9qadjyb2,036.Northern_Flicker
hub627c5ojxy5cs1,001.Black_footed_Albatross
hdkom88o988tipni,015.Lazuli_Bunting
j4d2oo12317jo0pq,197.Marsh_Wren
e1p1l3o98raw0zf4,177.Prothonotary_Warbler
kb5x03sjqsuwzjbm,079.Belted_Kingfisher
czd8bsa5k35nnwnm,010.Red_winged_Blackbird
kx8153ox1dnm9quq,061.Heermann_Gull
kik17h7rpjkel63e,181.Worm_eating_Warbler
d3h7pjxjjx1j2o4d,187.American_Three_toed_Woodpecker
f4urhcaco3ot3rou,060.Glaucous_winged_Gull
igmqh7444l963agc,094.White_breasted_Nuthatch
cnnkx6x7tc2h1es7,170.Mourning_Warbler
h27mz2nd2p8m9k61,191.Red_headed_Woodpecker
k7x1k8bd8ilmbobe,039.Least_Flycatcher
i37s8scuu95x27nv,034.Gray_crowned_Rosy_Finch
hmqgf44qggejeeyk,111.Loggerhead_Shrike
ex0dvfbref9bi2sm,129.Song_Sparrow
cg7zxwbi9imc4rjf,104.American_Pipit
h0fd6w29ue0tdx8m,139.Scarlet_Tanager
jw7bcwuc2jcick0o,061.Heermann_Gull
crqg3096ebcyvz3m,129.Song_Sparrow
j2pdbnaqndwgfige,011.Rusty_Blackbird
h258ggn6dl3zmdor,127.Savannah_Sparrow
g2a3u23piyvcp8gs,092.Nighthawk
cl6joyffb5itza4a,189.Red_bellied_Woodpecker
d9fl8royef2qr773,105.Whip_poor_Will
e6pa3lod80roa6p7,068.Ruby_throated_Hummingbird
f8y6jdaz0u5o727r,083.White_breasted_Kingfisher
garsbn8bi7tzsrvt,082.Ringed_Kingfisher
f3z07gvn2dj8thj2,091.Mockingbird
kvccga554ypgd861,096.Hooded_Oriole
fg7cqobh7apnfomj,164.Cerulean_Warbler
g9g7ac51pa7h62ly,192.Downy_Woodpecker
jnajpr80ue427id7,071.Long_tailed_Jaeger
iryf3pqe9ehkqzt1,151.Black_capped_Vireo
gv1mty4el3ez402k,158.Bay_breasted_Warbler
e2n3sm7j1opxq4ue,179.Tennessee_Warbler
iug0tmamd073euci,070.Green_Violetear
kg3e4nbnigdnvtrz,047.American_Goldfinch
ha6a3bn0wouwtf2t,110.Geococcyx
evym3keq41ysuozj,055.Evening_Grosbeak
k1l554e2jltgj4cb,170.Mourning_Warbler
ir9jkwnu2dlo4q0m,068.Ruby_throated_Hummingbird
i0hkozlo12wv34l0,049.Boat_tailed_Grackle
doar7kfrtror3xdr,099.Ovenbird
g20xg5wholhi2m2e,034.Gray_crowned_Rosy_Finch
igib6iqtt2hdadpp,124.Le_Conte_Sparrow
ekr02o2h49tniw96,125.Lincoln_Sparrow
jsb7uk8thukuj6u0,175.Pine_Warbler
enn4j828as3gbwij,093.Clark_Nutcracker
d2juditxzz5ert97,166.Golden_winged_Warbler
ex61eydgy156v905,168.Kentucky_Warbler
drdarhanfbtwooih,131.Vesper_Sparrow
gdmac4ni4il7waz5,050.Eared_Grebe
exhbojacx27891r4,095.Baltimore_Oriole
g4myahkexa6vhpbf,122.Harris_Sparrow
h06dki77igaofx3z,004.Groove_billed_Ani
k51kzqnb9i6wucvm,091.Mockingbird
fvx7w0px0rzmmmni,092.Nighthawk
goy6ztrymedlsopl,073.Blue_Jay
joupf1q1odb1j3k0,120.Fox_Sparrow
f0kl3z64owpwpeur,101.White_Pelican
kqh8yw7d8p6kokix,104.American_Pipit
hob5vg75v1unxdkl,190.Red_cockaded_Woodpecker
i4jpo393mckwgwsd,072.Pomarine_Jaeger
czc2yq6ih87ljwm5,047.American_Goldfinch
cuyo74kuk09t8zr8,062.Herring_Gull
fuqbu4kah0tdwzln,160.Black_throated_Blue_Warbler
iyp2rqukt55tuvnp,102.Western_Wood_Pewee
kn1qhbn9ux3pl3bq,093.Clark_Nutcracker
g72esss1ptsubf2h,128.Seaside_Sparrow
juchc7utgl1ldi0s,186.Cedar_Waxwing
j8u552ojp7mvlr5e,190.Red_cockaded_Woodpecker
jzm2qocqqmkbree1,194.Cactus_Wren
g742g8dei2jxfu5v,161.Blue_winged_Warbler
ck4zfehvkkv5vk3h,127.Savannah_Sparrow
k2tqsqvfq7ybzg53,029.American_Crow
jhsbmjjcoq94tca9,083.White_breasted_Kingfisher
duyzprgrqna83fog,010.Red_winged_Blackbird
ie0lu0mkcotsbemn,041.Scissor_tailed_Flycatcher
jpxtyj60qkya6d2t,123.Henslow_Sparrow
inhnxvz41ebvna16,078.Gray_Kingbird
ixy5hwl85pvieopm,144.Common_Tern
k5a0fe3vi4mdvo4e,112.Great_Grey_Shrike
d4jpj0x9341pdj6y,039.Least_Flycatcher
jlqfb59z6pimgiug,133.White_throated_Sparrow
gajx4n0tz10bpvhi,028.Brown_Creeper
kl1hmomdgs32scrk,059.California_Gull
gb9w3mvi3cv81jxk,014.Indigo_Bunting
f4hfiglfw888wek6,085.Horned_Lark
je6ufg63tixy6f9b,024.Red_faced_Cormorant
i5vb3roc42yn8kwx,087.Mallard
d36ll0dpamq7db4p,177.Prothonotary_Warbler
jui6bhoadmqp3hrf,060.Glaucous_winged_Gull
ki7jte018k9gxfu2,111.Loggerhead_Shrike
gbaapx9neyscfjwm,183.Northern_Waterthrush
jzmnkwckt928lrob,166.Golden_winged_Warbler
kn83yw2y46sg91xu,003.Sooty_Albatross
jwdrjwkxfrg36hd8,120.Fox_Sparrow
k9m2um82alattod0,046.Gadwall
d6urxog91oe0c52c,098.Scott_Oriole
kdpxptmnf719q7of,033.Yellow_billed_Cuckoo
ei6891xs46d9s7am,047.American_Goldfinch
k4ir2ewdlm5zzrwg,154.Red_eyed_Vireo
hgeshhy0vp7tjdx3,095.Baltimore_Oriole
gf3lzwvlzs3qxp7m,046.Gadwall
evohw4cbb90majvb,048.European_Goldfinch
fep2dok13axfd3uz,196.House_Wren
f0dk58qy916fmbcc,022.Chuck_will_Widow
d6mlmodcb66e8f23,107.Common_Raven
dcfbfe2at7g6wag4,014.Indigo_Bunting
fmj9opum115bavc4,036.Northern_Flicker
kompyl0xhcosl5t4,054.Blue_Grosbeak
iatwzbso9jh743h7,130.Tree_Sparrow
df0spm0kx6gn36kv,114.Black_throated_Sparrow
gtxupxg7cx5qndtx,177.Prothonotary_Warbler
i2vztj4x4gkf0x93,168.Kentucky_Warbler
dnlonq57v5rmvdwj,199.Winter_Wren
fuax4xvhc6fibw95,064.Ring_billed_Gull
keckeno6jq1w3xgx,122.Harris_Sparrow
ekl8x849jpegub93,020.Yellow_breasted_Chat
dgvxub7bcbfut9x7,076.Dark_eyed_Junco
hp8gak156jscf5no,093.Clark_Nutcracker
h56tbhht8p02za15,004.Groove_billed_Ani
kxbgvevzc21kxzhj,074.Florida_Jay
k1zpzitn6r0kivvo,109.American_Redstart
k37nzyv5vklweqgi,060.Glaucous_winged_Gull
kt3vm9f9ggeefj2k,126.Nelson_Sharp_tailed_Sparrow
dlq5cpnyfolj203v,051.Horned_Grebe
ii8m3rxuko8vuctj,167.Hooded_Warbler
d96emfgilwjfgh3j,168.Kentucky_Warbler
e2tle57g58mxn1tu,144.Common_Tern
k1h8t05b8ysxknb8,040.Olive_sided_Flycatcher
fmzn2cuuoz2gap8x,152.Blue_headed_Vireo
h3tgmvqcw8mcwvaq,176.Prairie_Warbler
eztjk5tmjuowstg6,196.House_Wren
j03t1xqixz3wah0s,079.Belted_Kingfisher
dmnkgia4jjury10r,088.Western_Meadowlark
fr5krrxkxbt6xpwm,001.Black_footed_Albatross
fff30t7qr7wef6do,034.Gray_crowned_Rosy_Finch
kr0m3xdvyi50h6uf,139.Scarlet_Tanager
gf4mulpusr3i3w6s,005.Crested_Auklet
g4ei5ztc2shzb8ob,095.Baltimore_Oriole
e9ty1m41krwn4vj4,078.Gray_Kingbird
f8xiws6m2c8erwyk,077.Tropical_Kingbird
d1ecovrwqjxgls18,094.White_breasted_Nuthatch
fhvy5yjhyve4qq6s,023.Brandt_Cormorant
h9occ4oy59zkj55z,124.Le_Conte_Sparrow
cvy7mzhso06ddr0l,075.Green_Jay
clfuyrwqgxkgqiuk,033.Yellow_billed_Cuckoo
gvqzjjf41bhijua2,091.Mockingbird
g001owor9u6fa9wp,029.American_Crow
jt76awbhxu0x3s5v,175.Pine_Warbler
ei0faekaio9kmml8,014.Indigo_Bunting
jaxcd8lr9wwieswj,054.Blue_Grosbeak
k8j108ffrcgv9xtj,138.Tree_Swallow
kt6qkptzsc3z4fva,146.Forsters_Tern
ki56j20b0wt9aes9,192.Downy_Woodpecker
ebgzpwzvt3jsfwv5,096.Hooded_Oriole
emm72ulc0fraalm6,180.Wilson_Warbler
eg1ob4t285pkkjv3,025.Pelagic_Cormorant
kitcqfz4hii1uxgv,145.Elegant_Tern
jnoww09zyih51scr,130.Tree_Sparrow
cz0lfcasby7al8vg,162.Canada_Warbler
cnyro9n1em1dpxiv,159.Black_and_white_Warbler
hcl8y23zg13ufbay,126.Nelson_Sharp_tailed_Sparrow
k92b94edigznbr7e,189.Red_bellied_Woodpecker
jrz9ghic44xc82sp,017.Cardinal
h5gkfvpc8mmpw1c3,116.Chipping_Sparrow
go4gbim3wc8xw2zz,179.Tennessee_Warbler
clrb8mme1wtvzpzr,163.Cape_May_Warbler
fkffxn2hci1exl0e,142.Black_Tern
it5f72kdw0avjs11,173.Orange_crowned_Warbler
gdnq9z6rt97mjc7a,065.Slaty_backed_Gull
hkb3sszsaxsdkhmv,021.Eastern_Towhee
jr8lhp9opfnnidxk,049.Boat_tailed_Grackle
izcpwktz1ys34qeu,060.Glaucous_winged_Gull
jg3zkqrevfeapk1p,143.Caspian_Tern
jp7jl23ujxd6s1wa,061.Heermann_Gull
g1n06z82upjjugcv,147.Least_Tern
hoc5ex878dsvqd0h,050.Eared_Grebe
ijiid6m0rvvjt4ki,135.Bank_Swallow
kjdte4xnxq84rbe5,150.Sage_Thrasher
fyougfi437jk0q0z,195.Carolina_Wren
ibut94zdykay13oa,125.Lincoln_Sparrow
iwhaacx0a89d8d8n,023.Brandt_Cormorant
jep67soqdmurr7ca,004.Groove_billed_Ani
jb0onbpx5i2akp8v,194.Cactus_Wren
ffehvi1kyu9ktg3b,165.Chestnut_sided_Warbler
j0lqmxd5nr610l48,111.Loggerhead_Shrike
d27il8i2sb78i4ch,074.Florida_Jay
g0bw5sle4jfb7tdi,072.Pomarine_Jaeger
jbww28fgwkoq0b0l,078.Gray_Kingbird
kl7491kcekrvp7ma,137.Cliff_Swallow
fno0cuozaednzeim,009.Brewer_Blackbird
g87mzg9n97wj8aoj,099.Ovenbird
clemc37hxj2gzu6d,119.Field_Sparrow
g5f416ebscrrjdv4,051.Horned_Grebe
ea8ng3ajktae7vfs,131.Vesper_Sparrow
kjbavrqc16kvu6et,022.Chuck_will_Widow
jdx769ynj7gk4sf4,015.Lazuli_Bunting
geathfsp7vy0speq,052.Pied_billed_Grebe
gs84pj5061h43ato,081.Pied_Kingfisher
h5nzutc6hteyo3vo,082.Ringed_Kingfisher
d1fte3vh1c0aaqqy,192.Downy_Woodpecker
h7x8jg0bmxhje3fb,069.Rufous_Hummingbird
g82mrsgowm4fg1qa,154.Red_eyed_Vireo
k0pysd18ij5dap4v,083.White_breasted_Kingfisher
kw0by3ermrlv5gv6,013.Bobolink
emy16aifwqnoitco,005.Crested_Auklet
evwil47p7rpegy0y,157.Yellow_throated_Vireo
jarf2j0fi5a6djm3,025.Pelagic_Cormorant
fwovjygdqn8lynn9,068.Ruby_throated_Hummingbird
kghssx6f9usodrlf,180.Wilson_Warbler
k3l26pgutgaoq4lm,138.Tree_Swallow
gk2xz614pkraipmh,169.Magnolia_Warbler
jf40q0sm8pv7h913,094.White_breasted_Nuthatch
cpkeyajaz4emx6cj,108.White_necked_Raven
klrbjsi41q9gq7pe,034.Gray_crowned_Rosy_Finch
jz5gnlb1hhcwgbw6,087.Mallard
ektlsipmnqs5hzpd,101.White_Pelican
e9pmtfi9qdrvj6cq,159.Black_and_white_Warbler
kdqky7pl8kfd7j4p,096.Hooded_Oriole
cpaix4031wweahiw,149.Brown_Thrasher
e2qzx60zji0adp2p,038.Great_Crested_Flycatcher
epwy5qy25vvpgli1,159.Black_and_white_Warbler
